t,x,y,K
0.,-0.02667973,0.007802083,
0.004166667,-0.02668659,0.007800032,0.00000005841429
0.008333333,-0.02667338,0.007791296,0.0000005935973
0.01248889,-0.02664772,0.007791275,0.0000009315665
0.01665556,-0.02663319,0.007820887,0.0000004888703
0.02082222,-0.02661819,0.007812224,0.00000007233521
0.02497778,-0.02661973,0.007817376,0.0000001997376
0.02914444,-0.02659539,0.007816016,0.0000001916779
0.03331111,-0.02659722,0.007814699,0.0000004243048
0.03746667,-0.02656222,0.007810182,0.0000003918432
0.04163333,-0.02656495,0.007817324,0.0000001700784
0.0458,-0.02654367,0.007820772,0.0000007602064
0.04995556,-0.0265199,0.007815547,0.000001519141
0.05412222,-0.02648037,0.007813369,0.000000747725
0.05828889,-0.02647643,0.007826274,0.0000004197666
0.06244444,-0.02644724,0.007818385,0.000001380959
0.06661111,-0.02641682,0.007814471,0.000001070264
0.07077778,-0.02639454,0.007808787,0.000000552176
0.07493333,-0.02637879,0.007820001,0.0000007422435
0.0791,-0.02635383,0.007826884,0.0000007454872
0.08325556,-0.0263342,0.007822247,0.000001210763
0.08742222,-0.02629812,0.007815302,0.000001925059
0.09158889,-0.02626261,0.00781625,0.000002174125
0.09574444,-0.02622311,0.007828995,0.000002273971
0.09991111,-0.02618925,0.00784269,0.000003009364
0.1040778,-0.02613332,0.007826566,0.000001531397
0.1082333,-0.02612615,0.007832014,0.0000008808017
0.1124,-0.02608516,0.007832584,0.00000173354
0.1165667,-0.02606095,0.007812085,0.00001468655
0.1207222,-0.02588808,0.007811784,0.00004081207
0.1248889,-0.02573104,0.007829165,0.00002749772
0.1290556,-0.02561659,0.007816408,0.00001995765
0.1332111,-0.02550016,0.007821076,0.00001428061
0.1373778,-0.02542181,0.007832236,0.000008137
0.1415444,-0.02535245,0.007821122,0.00003193676
0.1457,-0.0251296,0.007828176,0.00005253784
0.1498667,-0.0249777,0.007828221,0.00003210012
0.1540333,-0.02483626,0.007832595,0.00002766853
0.1581889,-0.02470592,0.007839309,0.00002444852
0.1623556,-0.0245808,0.007821722,0.00004573361
0.1665222,-0.02435585,0.007830407,0.00006047356
0.1706778,-0.02417882,0.007832771,0.00003861983
0.1748444,-0.02403469,0.007841699,0.00002722141
0.1790111,-0.02390942,0.007853112,0.00002196211
0.1831667,-0.02379287,0.007825788,0.00005081797
0.1873333,-0.02354096,0.007841998,0.00007465727
0.1915,-0.02334605,0.007848679,0.00004742932
0.1956556,-0.0231858,0.007868387,0.00003114564
0.1998222,-0.02305787,0.007833098,0.00005443667
0.2039889,-0.02280387,0.007859059,0.00008894924
0.2081444,-0.02257158,0.007870145,0.00006184604
0.2123111,-0.02239754,0.007842338,0.00006806465
0.2164778,-0.02214449,0.007860103,0.00008856019
0.2206333,-0.02191214,0.007877029,0.00007701805
0.2248,-0.02169071,0.007865554,0.00009945561
0.2289667,-0.02139574,0.007877147,0.0001094969
0.2331222,-0.02115095,0.007903842,0.0000778019
0.2372889,-0.02093987,0.007861872,0.00009943457
0.2414556,-0.02063471,0.007893551,0.0001060205
0.2456111,-0.0204093,0.007906669,0.00006782109
0.2497778,-0.02020895,0.007883872,0.00009373307
0.2539444,-0.01990798,0.007904964,0.000129637
0.2581,-0.01962157,0.007924399,0.00008248217
0.2622667,-0.0194384,0.007897436,0.00009324198
0.2664333,-0.01912164,0.00791545,0.0001392367
0.2705889,-0.01882821,0.007898662,0.0001388431
0.2747556,-0.01851232,0.007912466,0.000123776
0.2789222,-0.01825288,0.00792826,0.0000946693
0.2830778,-0.01800924,0.007920437,0.0001175933
0.2872444,-0.01769213,0.007932074,0.0001341697
0.2914111,-0.01741089,0.007962016,0.0000950328
0.2955667,-0.01718828,0.007948273,0.0001222116
0.2997333,-0.01683935,0.007973887,0.0001521597
0.3039,-0.01654956,0.007951992,0.0001473474
0.3080556,-0.01621184,0.007990125,0.0001685362
0.3122222,-0.01587834,0.00796428,0.0002017852
0.3163889,-0.0154763,0.00798618,0.0002034322
0.3205444,-0.0151408,0.007970182,0.000181562
0.3247111,-0.0147797,0.008002414,0.0001860981
0.3288778,-0.01443446,0.007977772,0.0001945883
0.3330333,-0.01405841,0.008012046,0.0001921838
0.3372,-0.01371779,0.00799525,0.0001944779
0.3413667,-0.01333659,0.00803224,0.0001989634
0.3455222,-0.01298876,0.008019052,0.0002015462
0.3496889,-0.01260259,0.008046877,0.0002148076
0.3538444,-0.01223127,0.008043831,0.0002140932
0.3580111,-0.01184661,0.008078417,0.0002126905
0.3621778,-0.01147638,0.00806438,0.0002083006
0.3663333,-0.01110048,0.008096013,0.0001921171
0.3705,-0.01075985,0.008082634,0.0002030092
0.3746667,-0.01036287,0.008111781,0.0002038858
0.3788222,-0.01002152,0.00809117,0.0001998798
0.3829889,-0.00963215,0.008135218,0.0002084515
0.3871556,-0.009274115,0.008108526,0.0002209134
0.3913111,-0.008863641,0.008147086,0.0002130522
0.3954778,-0.008519314,0.008109162,0.0002066231
0.3996444,-0.008119561,0.008165887,0.0002094089
0.4038,-0.007771496,0.008136547,0.0002061993
0.4079667,-0.007377241,0.008184874,0.0002010193
0.4121333,-0.007037683,0.008158931,0.0002296224
0.4162889,-0.006594269,0.008216316,0.0002150407
0.4204556,-0.006279484,0.008172243,0.0002097021
0.4246222,-0.005844454,0.008222834,0.0002036291
0.4287778,-0.005541646,0.008183255,0.000202685
0.4329444,-0.005109323,0.008183043,0.0003021895
0.4371111,-0.004642027,0.008213775,0.0002984608
0.4412667,-0.004216311,0.008208455,0.0002819958
0.4454333,-0.003774159,0.008243647,0.0002267636
0.4496,-0.003436864,0.008230219,0.0002224001
0.4537556,-0.003004492,0.008291964,0.0002178822
0.4579222,-0.002673946,0.008254622,0.000245274
0.4620889,-0.002195476,0.00823598,0.0003340818
0.4662444,-0.001729401,0.008289343,0.0002873004
0.4704111,-0.001319267,0.008259,0.0002697838
0.4745778,-0.0008797262,0.008326917,0.0002393576
0.4787333,-0.0005198613,0.008290915,0.0002484766
0.4829,-0.00006476232,0.008343856,0.0002312414
0.4870667,0.000267322,0.008309868,0.0002379493
0.4912222,0.0007323075,0.008312526,0.0003302892
0.4953889,0.00120622,0.008351081,0.0002930345
0.4995556,0.001617936,0.008349439,0.0002951047
0.5037111,0.002093404,0.008396319,0.0002555507
0.5078778,0.002444209,0.008374792,0.0002586335
0.5120444,0.002925633,0.00836703,0.0003629687
0.5162,0.003428393,0.008419498,0.0003146176
0.5203667,0.00384257,0.00839041,0.0002764489
0.5245333,0.004288971,0.008394302,0.0003426492
0.5286889,0.004798913,0.0084315,0.0003320701
0.5328556,0.005231146,0.008411553,0.0003106051
0.5370222,0.005710794,0.008467341,0.0002605379
0.5411778,0.006065282,0.008441923,0.0002361395
0.5453444,0.006504189,0.00842277,0.0003162191
0.5495111,0.006984325,0.008498702,0.0003208439
0.5536667,0.007429878,0.008455512,0.0003050449
0.5578333,0.007887246,0.008520075,0.0002517621
0.562,0.008250918,0.008486005,0.0002483926
0.5661556,0.008700696,0.0084698,0.0003279529
0.5703222,0.009187164,0.008506653,0.0003019964
0.5744889,0.009600326,0.008489669,0.0002754942
0.5786444,0.01004475,0.008542,0.000242449
0.5828111,0.01040534,0.008506602,0.0002491585
0.5869778,0.01086103,0.008500271,0.0003147487
0.5911333,0.0113213,0.008558477,0.0002931968
0.5953,0.01174602,0.008529273,0.0002966565
0.5994667,0.01221153,0.008612402,0.0002540221
0.6036222,0.01256949,0.008563541,0.0002529437
0.6077889,0.01303239,0.008561664,0.0003291378
0.6119556,0.01350837,0.008595089,0.0002910469
0.6161111,0.01391425,0.008586429,0.0002773676
0.6202778,0.01436898,0.008627645,0.000250603
0.6244333,0.01473204,0.008623419,0.0002503129
0.6286,0.01518606,0.008585874,0.0003237416
0.6327667,0.01566329,0.008651651,0.0002891812
0.6369222,0.01606451,0.008626327,0.0002633494
0.6410889,0.01650154,0.008691248,0.0002320183
0.6452556,0.01685308,0.008642101,0.0002531449
0.6494111,0.01732253,0.008637322,0.0003283359
0.6535778,0.01778917,0.008684012,0.000282772
0.6577444,0.01819272,0.008668333,0.0002820861
0.6619111,0.01865745,0.008733253,0.0002472166
0.6660667,0.01900502,0.008703719,0.0002187951
0.6702333,0.01942221,0.008748382,0.0002166065
0.6743889,0.01976557,0.00873165,0.0002423212
0.6785556,0.02022638,0.008712365,0.0003028191
0.6827222,0.0206663,0.008756615,0.0002737995
0.6868778,0.02108187,0.008730166,0.0002523057
0.6910444,0.02148752,0.00877394,0.0002230146
0.6952111,0.02185492,0.00874864,0.0002367153
0.6993667,0.02228254,0.008804495,0.0002061291
0.7035333,0.02259719,0.008764431,0.0002248081
0.7077,0.02305826,0.008836588,0.0002198437
0.7118556,0.02336364,0.008785392,0.0001877024
0.7160222,0.0237666,0.008850673,0.0001893731
0.7201889,0.02407603,0.008801483,0.0001858775
0.7243444,0.02447161,0.008853316,0.0002024647
0.7285111,0.02481158,0.008820849,0.0002065013
0.7326778,0.02521454,0.008895107,0.0001842336
0.7368333,0.02551333,0.008835379,0.0001764166
0.741,0.02590138,0.008892457,0.0001808245
0.7451667,0.0262096,0.00884244,0.0001776673
0.7493222,0.02659054,0.00890522,0.0001884249
0.7534889,0.02691914,0.00886296,0.0002016306
0.7576556,0.02732533,0.008931593,0.0001917277
0.7618111,0.02763445,0.008894986,0.0001821292
0.7659778,0.02802306,0.008946036,0.000177372
0.7701444,0.02832407,0.008893633,0.0001774867
0.7743,0.02871189,0.008957598,0.0001823261
0.7784667,0.02902229,0.008900532,0.0001758866
0.7826333,0.02939858,0.008950014,0.0001797262
0.7867889,0.02971533,0.008918172,0.0001916571
0.7909556,0.03011394,0.008977626,0.0001928292
0.7951222,0.03043434,0.008925157,0.0001626344
0.7992778,0.03077341,0.008981016,0.0001674707
0.8034444,0.03110334,0.008941463,0.0001752031
0.8076111,0.03145875,0.008988829,0.0001795875
0.8117667,0.03179608,0.008960037,0.0001865753
0.8159333,0.03216498,0.009001718,0.0001837922
0.8201,0.032497,0.008998896,0.0001715997
0.8242556,0.03284226,0.00901489,0.0001655737
0.8284222,0.03315855,0.009070415,0.0001082763
0.8325889,0.03338087,0.009029313,0.0001080581
0.8367444,0.03369568,0.009049344,0.00012919
0.8409111,0.03396862,0.009034404,0.0001388154
0.8450778,0.03430572,0.00905707,0.0001512251
0.8492333,0.03460185,0.009092738,0.00009309895
0.8534,0.03480438,0.009039947,0.000100811
0.8575667,0.03512138,0.009072925,0.000124265
0.8617222,0.03538079,0.009047135,0.0001372087
0.8658889,0.0357271,0.009068671,0.0001218095
0.8700556,0.03595131,0.009080423,0.00008546617
0.8742111,0.0362051,0.009061298,0.0001019145
0.8783778,0.03647329,0.009072707,0.00009575333
0.8825444,0.03670921,0.009112443,0.00007020987
0.8867,0.03690657,0.009068321,0.00008535741
0.8908667,0.03718635,0.009088038,0.0001027205
0.8950222,0.0374287,0.009113804,0.0000753096
0.8991889,0.03763511,0.009088829,0.0000785021
0.9033556,0.03788712,0.00909549,0.00008277596
0.9075111,0.03810418,0.009125136,0.00006528433
0.9116778,0.03830485,0.009104275,0.0000815564
0.9158444,0.03857153,0.009109014,0.0000779565
0.9200111,0.0387612,0.009132033,0.0000526957
0.9241667,0.03894409,0.009154974,0.00003684535
0.9283333,0.03907466,0.009115668,0.00005299156
0.9325,0.0393193,0.00911885,0.00006500142
0.9366556,0.03949068,0.009143083,0.00004237712
0.9408222,0.03965363,0.0091581,0.00003232394
0.9449778,0.03978393,0.00912216,0.00004773126
0.9491444,0.04000973,0.009129246,0.00005857399
0.9533111,0.04017964,0.009143777,0.00003361506
0.9574667,0.04030809,0.009158745,0.00002662101
0.9616333,0.04044591,0.009126781,0.00004828163
0.9658,0.04066756,0.009143371,0.00005488491
0.9699556,0.04082837,0.009149044,0.00003240939
0.9741222,0.04096126,0.009163576,0.00001461268
0.9782889,0.04102442,0.009176325,0.00001166619
0.9824444,0.04113778,0.009169635,0.00001374342
0.9866111,0.04121113,0.009132871,0.00002093501
0.9907778,0.04137272,0.009139008,0.00003646499
0.9949333,0.04152289,0.009150806,0.00002107817
0.9991,0.04160969,0.009153502,0.00001092269
1.003267,0.04169402,0.009150007,0.0000084353
1.007422,0.04175959,0.009162789,0.000006976593
1.011589,0.04182891,0.009171485,0.000003739997
1.015756,0.04185827,0.009179822,0.0000003767935
1.019911,0.04186056,0.0091691,0.00000003156669
1.024078,0.04185192,0.009173181,0.00000008055945
1.028244,0.04186587,0.009182803,0.00000005858583
1.0324,0.04186205,0.009165834,0.00000001148273
1.036567,0.04186039,0.009181993,0.000001057351
1.040733,0.04180892,0.009169321,0.0000009816112
1.044889,0.0418148,0.009158616,0.000000247748
1.049056,0.04178437,0.009161591,0.0000002918297
1.053222,0.04178689,0.009160434,0.0000003504725
1.057378,0.04175393,0.009158371,0.000001401283
1.061544,0.04172642,0.009150919,0.000001057382
1.065711,0.04170226,0.009145526,0.000000462239
1.069867,0.04169328,0.009139172,0.00000043177
1.074033,0.04166847,0.009141889,0.0000002559956
1.0782,0.04167713,0.009118543,0.0000002765899
1.082356,0.0416474,0.009124695,0.000001325336
1.086522,0.04161762,0.009120189,0.0000007456139
1.090689,0.04160306,0.009118928,0.0000002695042
1.094844,0.04159212,0.009111807,0.0000003723643
1.099011,0.04157216,0.009112522,0.0000002719328
1.103178,0.04156549,0.009116312,0.0000007422223
1.107333,0.04152762,0.009111945,0.000002005972
1.1115,0.04149316,0.009104842,0.000001115089
1.115667,0.04147307,0.00910813,0.0000007032745
1.119822,0.04145026,0.009098464,0.000001329054
1.123989,0.04141505,0.009094449,0.0000006956975
1.128156,0.04140716,0.009095768,0.0000008632986
1.132311,0.04136714,0.009090762,0.0000005975855
1.136478,0.0413679,0.009088202,0.000002019744
1.140644,0.04129484,0.009077065,0.0000006981028
1.1448,0.04132526,0.009081225,0.0000001040141
1.148967,0.04128027,0.009085193,0.0000006854157
1.153133,0.04128346,0.009071748,0.000001425656
1.157289,0.04121965,0.009073498,0.0000006729289
1.161456,0.04124166,0.009078998,0.0000005261974
1.165611,0.04118451,0.009086625,0.0000004019249
1.169778,0.04121063,0.009089583,0.000001629787
1.173944,0.04114065,0.009136085,0.00002725074
1.178111,0.04094039,0.009095366,0.00005179047
1.182267,0.04077133,0.009090264,0.00002551039
1.186433,0.04067933,0.009087027,0.00001351521
1.1906,0.04058227,0.009068047,0.000009780755
1.194756,0.04051863,0.009068874,0.000008130777
1.198922,0.04043496,0.009074445,0.000008023484
1.203089,0.04037899,0.009113743,0.00003541703
1.207244,0.0401276,0.009090029,0.00006450914
1.211411,0.03996594,0.009070186,0.0000317033
1.215567,0.03983774,0.009062504,0.0000197064
1.219733,0.03973669,0.009058266,0.00001626753
1.2239,0.03963087,0.009091175,0.00004509503
1.228056,0.03938962,0.009069677,0.00006935998
1.232222,0.03920198,0.009052025,0.00004184026
1.236389,0.03905581,0.009042253,0.00003369847
1.240544,0.03890235,0.009070278,0.00005960767
1.244711,0.03865657,0.009040371,0.00006655847
1.248878,0.03848154,0.009033165,0.00004125897
1.253033,0.03832492,0.009021973,0.00003981405
1.2572,0.03815561,0.009048603,0.00006869524
1.261367,0.03789574,0.009022536,0.00008284642
1.265522,0.03768651,0.009010143,0.00005376222
1.269689,0.03751718,0.009043897,0.0001013966
1.273856,0.03716519,0.008999856,0.0001142428
1.278011,0.03696782,0.00898306,0.00006335003
1.282178,0.03675382,0.009013057,0.00008904013
1.286344,0.03647922,0.008986665,0.0001030075
1.2905,0.03623048,0.008973455,0.00008274488
1.294667,0.03600895,0.008996968,0.0001060487
1.298833,0.03569743,0.008959337,0.0001079749
1.302989,0.03547515,0.008935344,0.00007972739
1.307156,0.03523585,0.008971403,0.0001090125
1.311322,0.03493451,0.008933969,0.0001223802
1.315478,0.03466449,0.008942945,0.00007955014
1.319644,0.03447356,0.00894974,0.0000935457
1.323811,0.03416372,0.008936491,0.0001169023
1.327967,0.0339146,0.008963022,0.0001528534
1.332133,0.03352487,0.008911468,0.0001467931
1.3363,0.03328972,0.008907197,0.0001001491
1.340456,0.03300753,0.008924156,0.0001302291
1.344622,0.0326997,0.008896598,0.0001385763
1.348789,0.032398,0.008929953,0.0001617008
1.352944,0.03204232,0.008880326,0.0001582007
1.357111,0.03174766,0.008919597,0.0001695302
1.361278,0.03136835,0.008862407,0.0001902747
1.365433,0.0310389,0.008839156,0.0001282423
1.3696,0.03078294,0.008847609,0.0001188351
1.373767,0.03047443,0.008840445,0.0001476234
1.377922,0.03015469,0.008856243,0.000182219
1.382089,0.0297764,0.008834812,0.000169283
1.386256,0.02948103,0.008848166,0.0001790653
1.390411,0.02908492,0.008808387,0.0001900977
1.394578,0.02876805,0.008846622,0.0001889081
1.398744,0.02837327,0.008800395,0.000189699
1.4029,0.02805628,0.008821064,0.0001990868
1.407067,0.0276441,0.008774147,0.0002053563
1.411233,0.02731428,0.008813955,0.0002018449
1.415389,0.02690945,0.008767324,0.0002028263
1.419556,0.026578,0.008797488,0.0001983675
1.423722,0.02618052,0.008744425,0.0002061505
1.427878,0.02583599,0.008771202,0.0002049266
1.432044,0.02544061,0.008721293,0.0001988227
1.436211,0.02510605,0.008754227,0.0002024755
1.440367,0.02470483,0.008713413,0.0002167577
1.444533,0.02434524,0.008726066,0.0002153658
1.4487,0.02394513,0.008695923,0.0002008842
1.452856,0.02361278,0.008699834,0.0002059102
1.457022,0.02320411,0.008656927,0.0002198716
1.461189,0.02284498,0.008696223,0.0002200648
1.465344,0.02243699,0.008654883,0.0002019436
1.469511,0.02211016,0.008688278,0.0001971291
1.473678,0.02170997,0.008654167,0.0002152151
1.477833,0.02135222,0.008656016,0.000206154
1.482,0.02096756,0.008644453,0.000193624
1.486156,0.02063271,0.008647352,0.0002068426
1.490322,0.02022385,0.008640739,0.000224756
1.494489,0.0198566,0.008630522,0.0002147887
1.498644,0.01946653,0.008611627,0.0001833542
1.502811,0.01915644,0.0086218,0.000217394
1.506978,0.01870371,0.008643155,0.0003028289
1.511133,0.01825715,0.008588881,0.0002910944
1.5153,0.01782324,0.008586752,0.0002854399
1.519467,0.01738308,0.008552319,0.0002379509
1.523622,0.01702556,0.008583683,0.0002205302
1.527789,0.01661524,0.008564401,0.0002230136
1.531956,0.01625247,0.008566451,0.0002445656
1.536111,0.0158066,0.008574179,0.0003365275
1.540278,0.01530435,0.008535345,0.0002957665
1.544444,0.01491658,0.00854444,0.0002586549
1.5486,0.0144729,0.008516405,0.0002450479
1.552767,0.01410743,0.00852064,0.0002467817
1.556933,0.01366004,0.008547247,0.0003134383
1.561089,0.01319214,0.008500442,0.000306731
1.565256,0.01275506,0.008511912,0.0002964484
1.569422,0.01230109,0.008470892,0.0002484956
1.573578,0.01194063,0.00847722,0.0002315011
1.577744,0.01151428,0.008470635,0.0002315268
1.581911,0.01115323,0.008449161,0.0002352166
1.586067,0.0107212,0.008474979,0.0003257436
1.590233,0.01022005,0.008433553,0.0002929618
1.5944,0.009835352,0.008447196,0.0002629837
1.598556,0.00938146,0.0084369,0.0002390402
1.602722,0.009036448,0.00841603,0.0002496893
1.606889,0.008563247,0.008434211,0.0003365407
1.611044,0.008088202,0.008388185,0.0003133837
1.615211,0.007648737,0.008393072,0.0002574747
1.619378,0.00725738,0.00837872,0.000236734
1.623533,0.006853248,0.008377277,0.0002629614
1.6277,0.006419069,0.008399254,0.0003097427
1.631867,0.005941948,0.008371704,0.0003162231
1.636022,0.005500057,0.008367136,0.0002889596
1.640189,0.005063537,0.0083385,0.0002427875
1.644356,0.0046937,0.008339514,0.0002641938
1.648511,0.004223205,0.00835653,0.0003390916
1.652678,0.003741829,0.008312877,0.0003377291
1.656844,0.003272067,0.008326967,0.0002921224
1.661,0.00285804,0.008303726,0.000248244
1.665167,0.002457914,0.00829557,0.0002505639
1.669333,0.00203841,0.008298061,0.0003109441
1.673489,0.001546183,0.008279914,0.0003051205
1.677656,0.001135595,0.008268924,0.000262059
1.681822,0.0007083664,0.00825328,0.0002536078
1.685978,0.0003121368,0.008259354,0.0002567735
1.690144,-0.0001198748,0.008278901,0.0002896398
1.694311,-0.0005689574,0.008242899,0.0003069443
1.698467,-0.001025718,0.008263084,0.0002492704
1.702633,-0.001385337,0.008232924,0.0002406202
1.7068,-0.001828444,0.008234895,0.0002574591
1.710956,-0.002214732,0.008208892,0.0002018521
1.715122,-0.002563059,0.008224193,0.0002172131
1.719289,-0.002977845,0.008216794,0.0002932249
1.723444,-0.003447609,0.008183133,0.0002948077
1.727611,-0.003865613,0.008202138,0.0002560237
1.731778,-0.004276001,0.008167911,0.0002206411
1.735933,-0.004632966,0.00816767,0.0002344749
1.7401,-0.005067558,0.00814673,0.0002237364
1.744267,-0.005406321,0.008125068,0.0002085948
1.748422,-0.005813864,0.008117894,0.0002083152
1.752589,-0.006152661,0.008119258,0.000209793
1.756756,-0.00656301,0.008153788,0.0003103281
1.760911,-0.007063572,0.008109678,0.0002890248
1.765078,-0.007441723,0.00812645,0.0002287386
1.769233,-0.007845475,0.00809236,0.0002221315
1.7734,-0.008212417,0.008120552,0.0002010329
1.777567,-0.008579653,0.008090781,0.0002103463
1.781722,-0.008961799,0.008090301,0.0002166215
1.785889,-0.009340712,0.008083111,0.0001904956
1.790056,-0.009676478,0.008090804,0.0001935568
1.794211,-0.01006002,0.008069325,0.0002009829
1.798378,-0.01040943,0.008075523,0.0001960628
1.802544,-0.01078459,0.008043162,0.0001954635
1.8067,-0.01113203,0.008052392,0.0001986748
1.810867,-0.01151343,0.008034579,0.0002011486
1.815033,-0.01186624,0.008035811,0.0001960261
1.819189,-0.01223729,0.00801958,0.0001865374
1.823356,-0.0125724,0.008023438,0.000171572
1.827522,-0.01291541,0.008006004,0.0001695542
1.831678,-0.01324561,0.008009494,0.0001769055
1.835844,-0.01360315,0.007997547,0.0001703503
1.840011,-0.01392143,0.008005587,0.0001817282
1.844167,-0.01430026,0.007997617,0.0001793893
1.848333,-0.01461399,0.008013936,0.0001701209
1.8525,-0.01497559,0.00798984,0.0001703826
1.856656,-0.01528881,0.007998364,0.0001818229
1.860822,-0.01567282,0.007980466,0.0001561777
1.864989,-0.01593521,0.007968006,0.0001078407
1.869144,-0.01620922,0.007954896,0.0001355529
1.873311,-0.01653678,0.007943767,0.0001105376
1.877478,-0.01675356,0.007946194,0.0001379221
1.881633,-0.01714372,0.007922516,0.0001547617
1.8858,-0.01739635,0.007920306,0.00007336555
1.889967,-0.01758719,0.007915813,0.00009873984
1.894122,-0.01791019,0.007918317,0.000124616
1.898289,-0.01816439,0.007907412,0.0001479844
1.902456,-0.0185398,0.007898759,0.0001410899
1.906611,-0.01877859,0.007914294,0.00008578884
1.910778,-0.01901861,0.007910951,0.0001122991
1.914944,-0.01932679,0.007890121,0.0001033268
1.9191,-0.01954421,0.007903787,0.00006414777
1.923267,-0.01974072,0.00790421,0.00008934833
1.927433,-0.02003358,0.007894594,0.00009723749
1.931589,-0.02025061,0.007897909,0.00007288405
1.935756,-0.02047505,0.007892757,0.00009004179
1.939922,-0.02074189,0.007889602,0.0000902134
1.944078,-0.02096618,0.007887189,0.0000690028
1.948244,-0.02117133,0.007879665,0.00009034668
1.952411,-0.02145801,0.00786852,0.00008856036
1.956567,-0.02165786,0.007869382,0.00005333493
1.960733,-0.02183557,0.007876651,0.00008764079
1.9649,-0.02214258,0.007875279,0.00009458752
1.969056,-0.02233844,0.007869096,0.00004962069
1.973222,-0.02250678,0.007868068,0.00007710887
1.977389,-0.02279302,0.007858447,0.00008633744
1.981544,-0.02298718,0.007858556,0.00004913759
1.985711,-0.02315539,0.007867513,0.00004273334
1.989878,-0.02332567,0.007860643,0.00006477584
1.994033,-0.02357139,0.007854632,0.00006498263
1.9982,-0.02374218,0.007843724,0.00003385906
2.002367,-0.02387267,0.007850837,0.00002815292
2.006522,-0.02401611,0.007859401,0.00005337277
2.010689,-0.02425026,0.007838668,0.00005553119
2.014856,-0.02440178,0.007846913,0.00002761824
2.019011,-0.02452178,0.007850131,0.00002502651
2.023178,-0.02466037,0.007839653,0.00004716462
2.027344,-0.0248764,0.007823572,0.00005667516
2.0315,-0.02504932,0.007823063,0.00003209098
2.035667,-0.02516933,0.007820527,0.00001883249
2.039822,-0.0252737,0.007826552,0.00001230983
2.043989,-0.02535012,0.007835762,0.0000100102
2.048156,-0.0254373,0.007817767,0.00002919949
2.052311,-0.02562902,0.007818553,0.00003990607
2.056478,-0.02576396,0.007819116,0.00001997496
2.060644,-0.02586011,0.007806033,0.00001114035
2.064811,-0.02593653,0.007828691,0.00000670918
2.068967,-0.02599358,0.007817203,0.000004895926
2.073133,-0.02605053,0.007818901,0.000003934077
2.0773,-0.02609623,0.007813856,0.00001853997
2.081456,-0.02627301,0.007809888,0.0000339483
2.085622,-0.02639744,0.007806269,0.00001651659
2.089778,-0.02648309,0.007804379,0.000006948661
2.093944,-0.02653365,0.007800908,0.000004840105
2.098111,-0.02659667,0.007813225,0.000002331178
2.102267,-0.02661186,0.007811693,0.000000187078
2.106433,-0.02661885,0.007810357,0.000000127395
2.1106,-0.02662916,0.007805199,0.0000006192685
2.114756,-0.02665933,0.007814518,0.00000006856809
2.118922,-0.02664002,0.007813295,0.0000001017953
2.123089,-0.02664457,0.007807108,0.000000005500352
2.127244,-0.02663893,0.007809617,0.0000001914923
2.131411,-0.02662225,0.007810846,0.0000003465327
2.135578,-0.02660846,0.007810425,0.0000003636736
2.139733,-0.02659107,0.007811188,0.0000002682979
2.1439,-0.02658168,0.007811053,0.00000006378592
2.148067,-0.02657848,0.007814725,0.0000001062935
2.152222,-0.02656611,0.007817515,0.0000002815761
2.156389,-0.02655117,0.007812011,0.0000003784707
2.160556,-0.02653503,0.007810545,0.0000003515684
2.164711,-0.02652059,0.007809724,0.0000005483831
2.168878,-0.02649734,0.00780376,0.0000007843822
2.173044,-0.02647491,0.007805672,0.0000004675575
2.1772,-0.02646214,0.007800387,0.0000008016675
2.181367,-0.02642901,0.007799648,0.000001647097
2.185533,-0.02639639,0.007790734,0.000001536147
2.189689,-0.02636505,0.007795449,0.0000007104115
2.193856,-0.02635451,0.007802815,0.0000005067274
2.198022,-0.02632824,0.007797409,0.000001263853
2.202178,-0.02629712,0.007793527,0.000001797282
2.206344,-0.02625917,0.00780337,0.000001346485
2.210511,-0.02623843,0.007806383,0.0000039043
2.214667,-0.02615714,0.007808733,0.00000125986
2.218833,-0.02618158,0.007794687,0.0000002280014
2.223,-0.02613635,0.007795345,0.000001735889
2.227156,-0.02611364,0.007799895,0.000002255174
2.231322,-0.02605917,0.007803938,0.00001767006
2.235489,-0.02589605,0.007805274,0.000036663
2.239644,-0.02574605,0.00780358,0.00002765458
2.243811,-0.02562421,0.007797647,0.00001707744
2.247978,-0.02553274,0.007820503,0.00001461876
2.252133,-0.02542801,0.00782203,0.00001171865
2.2563,-0.02535575,0.007823761,0.000005268181
2.260467,-0.02531087,0.007801922,0.00002219884
2.264622,-0.02511214,0.007819504,0.00005425976
2.268789,-0.02493093,0.007829131,0.00003498537
2.272956,-0.02480631,0.007835892,0.00002193037
2.277111,-0.0246888,0.007833457,0.00001941706
2.281278,-0.02457857,0.007828216,0.00004306718
2.285444,-0.02434903,0.007828208,0.00006223663
2.2896,-0.02417068,0.007835532,0.00003948033
2.293767,-0.02402441,0.007842229,0.00003414885
2.297933,-0.02386811,0.007832039,0.00006679918
2.302089,-0.02360181,0.007835589,0.00007170339
2.306256,-0.02343036,0.00784305,0.00004762908
2.310411,-0.02324603,0.007863553,0.00004319627
2.314578,-0.0230905,0.007845051,0.00006153807
2.318744,-0.02283997,0.007852832,0.00007414604
2.322911,-0.02264502,0.007863829,0.00005592318
2.327067,-0.02245328,0.007848524,0.00008867814
2.331233,-0.02215809,0.00785808,0.00009567235
2.3354,-0.02194709,0.007865644,0.00006779835
2.339556,-0.02173229,0.007858316,0.000103429
2.343722,-0.02142128,0.007875592,0.0001045279
2.347889,-0.02120361,0.007885902,0.00006821576
2.352044,-0.02099418,0.007875789,0.000103151
2.356211,-0.02067841,0.007886477,0.0001153099
2.360367,-0.0204396,0.007904059,0.00007768407
2.364533,-0.02022264,0.007884151,0.00009362132
2.3687,-0.01993858,0.007904872,0.0001140342
2.372856,-0.01967161,0.007920312,0.00008731072
2.377022,-0.01945542,0.007899486,0.00008941617
2.381189,-0.019182,0.007925501,0.0001170981
2.385344,-0.0188976,0.007943942,0.00009254847
2.389511,-0.01868456,0.007919127,0.00008568046
2.393678,-0.01841841,0.007933671,0.00009912031
2.397833,-0.01817104,0.007956027,0.00008417188
2.402,-0.01794399,0.007936696,0.00009885777
2.406167,-0.01765652,0.007974191,0.0001319349
2.410322,-0.01735031,0.007955574,0.0001506645
2.414489,-0.01702178,0.00797385,0.0001717672
2.418656,-0.01667182,0.007969974,0.0001954283
2.422811,-0.01629946,0.008002932,0.0001826125
2.426978,-0.01597401,0.008007086,0.0001254311
2.431144,-0.01571954,0.008005606,0.0001452355
2.4353,-0.01535081,0.008007632,0.0001610556
2.439467,-0.01506329,0.008001639,0.0001480898
2.443633,-0.01472068,0.008007065,0.0001581413
2.447789,-0.014413,0.008004634,0.0001810916
2.451956,-0.01402491,0.008019826,0.0001930565
2.456122,-0.01369365,0.008017669,0.0001890752
2.460278,-0.01331416,0.008041012,0.0001880194
2.464444,-0.01298528,0.008049087,0.0001905342
2.468611,-0.0125998,0.008064474,0.0002030687
2.472767,-0.01224838,0.008052482,0.0002307946
2.476933,-0.01181431,0.008078056,0.0002199398
2.4811,-0.01148055,0.008064498,0.0002028542
2.485256,-0.01107795,0.008093097,0.0001994644
2.489422,-0.01075023,0.008059283,0.0002013498
2.493589,-0.01034342,0.008111398,0.0002019579
2.497744,-0.01001605,0.008091575,0.0001900033
2.501911,-0.009630666,0.008119623,0.0002089051
2.506078,-0.009267638,0.008093013,0.0002150972
2.510233,-0.008872296,0.00812788,0.0001991438
2.5144,-0.00853826,0.008116232,0.0002064859
2.518567,-0.008128913,0.008159868,0.0002060961
2.522722,-0.007796084,0.008133471,0.0002088274
2.526889,-0.007381652,0.008165098,0.0002179831
2.531056,-0.007031913,0.008156079,0.0002167096
2.535211,-0.006620569,0.008181167,0.0002116261
2.539378,-0.006279748,0.008168678,0.0002082935
2.543544,-0.005873612,0.008204444,0.0001902684
2.5477,-0.005566793,0.008190899,0.0002140617
2.551867,-0.005117229,0.008222022,0.0002120116
2.556033,-0.004812868,0.008198178,0.0002019907
2.560189,-0.004383388,0.008181736,0.0002997653
2.564356,-0.003918309,0.008235188,0.0002808931
2.568522,-0.003516267,0.008217042,0.0002684276
2.572678,-0.003071861,0.008271659,0.0002410829
2.576844,-0.002713893,0.00824665,0.0002281636
2.581011,-0.002290106,0.008296606,0.0002524951
2.585167,-0.001892297,0.008260031,0.0002386673
2.589333,-0.001493316,0.008238737,0.0002863899
2.5935,-0.001016283,0.008282037,0.00030285
2.597656,-0.0005940446,0.008272855,0.0002815751
2.601822,-0.0001492086,0.008315856,0.0002500287
2.605989,0.0002244659,0.008293606,0.0002742484
2.610144,0.0007066125,0.008285195,0.0003476423
2.614311,0.001186428,0.008358881,0.0002968111
2.618478,0.001597946,0.008321943,0.0002766194
2.622633,0.00204646,0.00836636,0.0002621104
2.6268,0.002434621,0.008351711,0.0002858072
2.630956,0.002920175,0.008336346,0.0003623419
2.635122,0.003418199,0.008390651,0.0003003004
2.639289,0.003816835,0.008370738,0.0002652218
2.643444,0.004260141,0.008409731,0.000241791
2.647611,0.0046204,0.008400037,0.0002595311
2.651778,0.005093768,0.008379161,0.0003523037
2.655933,0.005589342,0.008457033,0.0002987903
2.6601,0.005987074,0.008410807,0.0002591202
2.664267,0.006422667,0.008475358,0.0002434247
2.668422,0.006793162,0.008444953,0.0002460102
2.672589,0.007233205,0.008445584,0.0003318482
2.676756,0.007735686,0.008482621,0.0003073895
2.680911,0.008139439,0.008472656,0.0002809445
2.685078,0.008601738,0.008517687,0.0002446435
2.689244,0.008948973,0.008497254,0.0002325235
2.6934,0.00938872,0.008468177,0.000338112
2.697567,0.009899071,0.008535497,0.0003206869
2.701733,0.01031493,0.008512673,0.0002893012
2.705889,0.01077774,0.008574926,0.0002314436
2.710056,0.01110116,0.008539905,0.0002273566
2.714222,0.01155763,0.00853773,0.0003414325
2.718378,0.0120562,0.008570358,0.0003054677
2.722544,0.01246118,0.008559028,0.0002821224
2.726711,0.01292452,0.008620053,0.0002484075
2.730867,0.01327525,0.008598399,0.0002476935
2.735033,0.01373635,0.008562784,0.0003258248
2.7392,0.01420969,0.00861954,0.0002797585
2.743356,0.014601,0.008584965,0.0002798237
2.747522,0.01507322,0.00867041,0.0002652163
2.751689,0.01544394,0.008608826,0.000256621
2.755844,0.01590022,0.008622388,0.0003161682
2.760011,0.01636161,0.008666602,0.0002610517
2.764178,0.01673641,0.008649409,0.0002614528
2.768333,0.01719715,0.008698605,0.0002630683
2.7725,0.0175748,0.008673334,0.0002576717
2.776667,0.01802793,0.00867231,0.0003167155
2.780822,0.01849358,0.008725998,0.0002802723
2.784989,0.01889342,0.008692338,0.0002459863
2.789156,0.01930538,0.008749168,0.0002509327
2.793311,0.01971232,0.00871314,0.0002734344
2.797478,0.02016022,0.008770177,0.0002133214
2.801644,0.02046852,0.008724692,0.0002001459
2.8058,0.02089169,0.008782746,0.0002157795
2.809967,0.02122727,0.008760934,0.000196689
2.814133,0.02161713,0.008816151,0.0001926551
2.818289,0.02194502,0.008757211,0.0002005148
2.822456,0.02234929,0.008828169,0.0001984092
2.826622,0.0226739,0.008784138,0.0002041973
2.830778,0.02308649,0.008777347,0.000275322
2.834944,0.02353136,0.008815647,0.0002607331
2.839111,0.02392235,0.008797804,0.0002346076
2.843267,0.02432261,0.008851683,0.0002169687
2.847433,0.02468359,0.008824423,0.0002248209
2.8516,0.02509889,0.00886535,0.0002176305
2.855756,0.02544645,0.008829195,0.000205575
2.859922,0.02584004,0.008885912,0.0002023537
2.864089,0.02618225,0.008863115,0.0001933827
2.868244,0.02655868,0.008912109,0.000185958
2.872411,0.02688741,0.008868264,0.0001934966
2.876578,0.02727896,0.008908881,0.0001957741
2.880733,0.02761089,0.008878417,0.0001901962
2.8849,0.02799159,0.008936417,0.00018192
2.889067,0.02830859,0.008909656,0.0001714381
2.893222,0.02866847,0.00895324,0.0001737328
2.897389,0.02899018,0.008914491,0.0001856052
2.901544,0.02937296,0.008949189,0.0001890969
2.905711,0.02970127,0.008918863,0.0001838671
2.909878,0.0300751,0.008949962,0.0001935816
2.914033,0.03042062,0.008932595,0.0001849513
2.9182,0.03077784,0.008977002,0.0001676167
2.922367,0.03109081,0.008948859,0.0001652571
2.926522,0.0314425,0.008964969,0.0001669963
2.930689,0.03175873,0.008970061,0.0001903945
2.934856,0.03215658,0.008988981,0.0001753778
2.939011,0.03244127,0.009025955,0.0001084671
2.943178,0.03269514,0.008992569,0.0001110523
2.947344,0.03298692,0.009031097,0.0001382321
2.9515,0.03330303,0.009003011,0.0001462372
2.955667,0.03361223,0.009024479,0.0001353692
2.959833,0.03390172,0.009070323,0.00008752363
2.963989,0.03409598,0.009018903,0.00009593098
2.968156,0.03440792,0.009053101,0.0001241572
2.972322,0.03467258,0.009039424,0.0001427655
2.976478,0.03502577,0.009057998,0.0001303279
2.980644,0.03526109,0.009086092,0.00008750279
2.984811,0.03551008,0.009050122,0.0001020557
2.988967,0.03578305,0.009064672,0.0000993442
2.993133,0.03602321,0.00909864,0.00007384969
2.9973,0.03622801,0.009059748,0.00008449704
3.001456,0.03649844,0.009088093,0.00008930135
3.005622,0.03671428,0.009108139,0.00006644257
3.009789,0.03691987,0.009064664,0.0000885699
3.013944,0.03720023,0.009081735,0.00008996193
3.018111,0.03740805,0.009112079,0.00006722761
3.022278,0.03762474,0.009088735,0.0000834255
3.026433,0.0378802,0.009099368,0.00007812009
3.0306,0.03808129,0.009110071,0.00005580478
3.034767,0.03826699,0.00910353,0.0000850703
3.038922,0.03855818,0.009102036,0.0000855395
3.043089,0.03874518,0.009112658,0.00004584797
3.047256,0.03890647,0.009142396,0.00003780792
3.051411,0.03906314,0.009111999,0.00005890465
3.055578,0.03930247,0.009116035,0.00006792075
3.059744,0.0394898,0.009120546,0.00004098438
3.0639,0.03963187,0.009149098,0.00002600827
3.068067,0.03975351,0.009123096,0.00004694443
3.072233,0.03998598,0.009127236,0.00006202164
3.076389,0.04016057,0.009135563,0.00003382773
3.080556,0.04028466,0.009162544,0.00002500014
3.084722,0.04041779,0.009165022,0.00001563602
3.088878,0.04048805,0.009141397,0.00003115616
3.093044,0.04070538,0.009140278,0.00004345084
3.097211,0.04082901,0.009157265,0.00002169118
3.101367,0.04094518,0.009162642,0.00001559996
3.105533,0.04103253,0.009174352,0.000007254051
3.1097,0.04108396,0.009176386,0.0000056203
3.113856,0.04114823,0.009133807,0.00002751684
3.118022,0.04135424,0.009153291,0.00004197428
3.122189,0.0414836,0.009142282,0.00002198115
3.126344,0.04159667,0.009150465,0.00001000798
3.130511,0.04164629,0.009159382,0.00000630132
3.134678,0.04172567,0.009166398,0.000004780009
3.138833,0.04175873,0.009171242,0.000001418334
3.143,0.04178705,0.009171411,0.000001064629
3.147167,0.04181151,0.009179556,0.00000001090951
3.151322,0.0417842,0.009176,0.00000003281513
3.155489,0.0418144,0.009188465,0.000000263734
3.159656,0.04180796,0.009164064,0.0000005007361
3.163811,0.04179211,0.009159448,0.0000009407413
3.167978,0.04175845,0.009172064,0.0000008672332
3.172144,0.04174398,0.009162494,0.0000001286121
3.1763,0.04176849,0.009156472,0.0000002826761
3.180467,0.04172078,0.009147742,0.000001559452
3.184622,0.04170397,0.009159052,0.000000498643
3.188789,0.04168533,0.009156494,0.0000009742736
3.192956,0.04165527,0.009143535,0.000001554151
3.197111,0.04162695,0.009129156,0.0000003697586
3.201278,0.04162392,0.009141022,0.0000001776598
3.205444,0.04160512,0.009128888,0.0000005774233
3.209611,0.04159101,0.009119458,0.0000004152397
3.213767,0.04157401,0.009116962,0.0000002677312
3.217933,0.04156435,0.009117175,0.0000003274262
3.222089,0.04154443,0.009117921,0.000000217956
3.226256,0.04154034,0.009114707,0.000001466767
3.230422,0.04148311,0.009104812,0.0000009890835
3.234578,0.04149041,0.009102352,0.0000006897187
3.238744,0.04144085,0.009097132,0.000001320356
3.242911,0.04143095,0.009100401,0.000001330837
3.247067,0.04138132,0.00909322,0.000001442146
3.251233,0.04136897,0.009096536,0.0000005942962
3.2554,0.04134204,0.009086136,0.000000857597
3.259556,0.04132542,0.009076609,0.000001143453
3.263722,0.0412872,0.009079049,0.0000005546658
3.267889,0.04128784,0.009085279,0.000001109184
3.272044,0.04123282,0.009082039,0.0000001972912
3.276211,0.04126517,0.009081585,0.0000002145165
3.280378,0.04120884,0.009082421,0.000001899764
3.284533,0.04119402,0.009085819,0.000001347629
3.2887,0.04114886,0.009084902,0.0000007653156
3.292867,0.04114873,0.009086456,0.000002781458
3.297022,0.04107212,0.009124256,0.00001826201
3.301189,0.04092878,0.009107795,0.00003916442
3.305356,0.04074922,0.009096919,0.00003058194
3.309511,0.04064499,0.009072503,0.00001398535
3.313678,0.04055835,0.009065846,0.00001077927
3.317844,0.04047503,0.009076248,0.00001168354
3.322,0.04038438,0.009097102,0.00004206449
3.326167,0.04013964,0.009076373,0.00005783199
3.330333,0.03999144,0.009071349,0.00002925143
3.334489,0.03986005,0.009069263,0.000025229
3.338656,0.03973196,0.009059695,0.00001850164
3.342822,0.03963736,0.009073207,0.00004720596
3.346978,0.03937671,0.009054023,0.00007544448
3.351144,0.03918947,0.009039355,0.000039012
3.355311,0.03905403,0.009032228,0.00002415123
3.359467,0.03893573,0.009053377,0.00005810215
3.363633,0.03865987,0.009035996,0.00007789539
3.3678,0.03847923,0.009031829,0.00004693782
3.371956,0.03830566,0.009029154,0.00003571058
3.376122,0.03817027,0.009038033,0.00006777417
3.380289,0.03787953,0.009017412,0.00008586983
3.384444,0.03769185,0.009010787,0.00006164543
3.388611,0.03747353,0.009014998,0.00009725884
3.392778,0.03718137,0.008997283,0.00009928537
3.396933,0.03695858,0.008996737,0.00005520869
3.4011,0.03679766,0.009017442,0.00009922116
3.405267,0.03644284,0.008989768,0.0001249203
3.409422,0.03622145,0.008972406,0.00006990334
3.413589,0.03601049,0.00898892,0.00009813557
3.417756,0.03570892,0.008951594,0.0001217868
3.421911,0.03544044,0.008962144,0.00007737705
3.426078,0.0352546,0.008974309,0.0001078581
3.430244,0.03490287,0.008947704,0.0001309837
3.4344,0.03466448,0.008929334,0.00007533442
3.438567,0.03445405,0.008943776,0.0001036777
3.442733,0.03413724,0.008927721,0.0001154155
3.446889,0.03389855,0.008950945,0.0001372933
3.451056,0.03353154,0.008911655,0.0001552701
3.455211,0.03325648,0.008896543,0.00009420814
3.459378,0.03302968,0.008919269,0.0001303846
3.463544,0.03266525,0.00889037,0.0001448884
3.467711,0.03240649,0.008930182,0.0001490952
3.471867,0.03203384,0.008886238,0.0001588543
3.476033,0.03175764,0.008868647,0.0001072779
3.4802,0.03149757,0.008878922,0.0001280347
3.484356,0.03117266,0.008855176,0.0001323898
3.488522,0.03090257,0.008881042,0.0001538807
3.492678,0.03053119,0.008857701,0.0001794498
3.496844,0.03021006,0.0088641,0.000183011
3.501011,0.02983132,0.008827878,0.0001898615
3.505167,0.02949761,0.008852888,0.0001974117
3.509333,0.029105,0.008809112,0.0001842969
3.5135,0.02879468,0.008846504,0.0001836733
3.517656,0.02840429,0.008796413,0.0002025893
3.521822,0.02805889,0.008827712,0.0002061773
3.525989,0.02766082,0.00878812,0.0002113484
3.530144,0.02730719,0.008816473,0.0002094082
3.534311,0.02691276,0.008768393,0.0002029117
3.538478,0.02656973,0.008801887,0.000190052
3.542633,0.02619998,0.00875529,0.0002003439
3.5468,0.02583803,0.008783346,0.0002084656
3.550967,0.02545265,0.008734483,0.0002161079
3.555122,0.02507818,0.008760205,0.0002121217
3.559289,0.0246998,0.008712881,0.0002108945
3.563456,0.02432636,0.008745533,0.0002092419
3.567611,0.02395183,0.008704856,0.0001982001
3.571778,0.02359863,0.008724781,0.0001991522
3.575944,0.02322143,0.008682532,0.0002171835
3.5801,0.02283676,0.00870678,0.0002139544
3.584267,0.0224651,0.008672047,0.0002028164
3.588433,0.02209986,0.008678908,0.0002134282
3.592589,0.02170993,0.008650981,0.0002107262
3.596756,0.02134931,0.008665808,0.0002072302
3.600922,0.02096456,0.008643679,0.0001947178
3.605078,0.02062777,0.008656781,0.0002093373
3.609244,0.02021637,0.008644804,0.0002349259
3.613411,0.01983421,0.008644059,0.0002106543
3.617567,0.01946643,0.008614577,0.0001837523
3.621733,0.01913419,0.008607478,0.0001991306
3.6259,0.01873582,0.008625865,0.000298584
3.630056,0.01824075,0.00859254,0.0002936072
3.634222,0.01784975,0.008622876,0.0002770071
3.638389,0.01737935,0.008565833,0.0002481807
3.642544,0.01703597,0.008585216,0.000230539
3.646711,0.01659419,0.00856589,0.0002273941
3.650878,0.01625623,0.008543756,0.0002233749
3.655033,0.01582132,0.008568665,0.0003184925
3.6592,0.01533346,0.008530443,0.0003085143
3.663367,0.01491205,0.008547843,0.0002621481
3.667522,0.01449622,0.008524828,0.0002334673
3.671689,0.01412219,0.008527114,0.0002408418
3.675856,0.01369288,0.008504744,0.0002375268
3.680011,0.0133256,0.008502245,0.0002483296
3.684178,0.01287798,0.008503544,0.0003128269
3.688344,0.01241033,0.008469889,0.000285686
3.6925,0.01200439,0.0084754,0.00027809
3.696667,0.01154798,0.008470093,0.0002341203
3.700833,0.01121246,0.008451347,0.0002517665
3.704989,0.01072746,0.008471922,0.0003433529
3.709156,0.01025433,0.008438454,0.0002948212
3.713322,0.009839155,0.008434482,0.0002610597
3.717478,0.009419147,0.008414706,0.0002433835
3.721644,0.009032649,0.00841497,0.0002565751
3.725811,0.00858974,0.008419857,0.0003417695
3.729967,0.008076788,0.0083989,0.0003099351
3.734133,0.007679584,0.008399434,0.0002681151
3.7383,0.007229042,0.008384371,0.0002374759
3.742456,0.006882875,0.008382384,0.0002409514
3.746622,0.006426636,0.008406176,0.0003188756
3.750789,0.005958477,0.008360596,0.0003126894
3.754944,0.00551289,0.008371066,0.0002974882
3.759111,0.005067107,0.008329375,0.0002533645
3.763278,0.004689019,0.008347169,0.0002430677
3.767433,0.004261166,0.008350546,0.0003278224
3.7716,0.003753405,0.008311697,0.0003434752
3.775756,0.003303205,0.00832225,0.0003006688
3.779922,0.00285689,0.008294878,0.0002596346
3.784089,0.002469787,0.008282753,0.0002499841
3.788244,0.002039324,0.008303223,0.0002958451
3.792411,0.001580769,0.008255033,0.0002845713
3.796578,0.001166194,0.008277695,0.0002877114
3.800733,0.0007036327,0.008253292,0.0002621593
3.8049,0.0003290539,0.008262257,0.0002126563
3.809067,-0.00005133617,0.008238898,0.0002015738
3.813222,-0.0004050499,0.00825123,0.000237494
3.817389,-0.0008482167,0.008247016,0.0003100446
3.821556,-0.001316311,0.00822105,0.0002989751
3.825711,-0.001741977,0.008220864,0.0002713603
3.829878,-0.002167843,0.008197818,0.0002279661
3.834044,-0.002523737,0.00821155,0.0002025707
3.8382,-0.002903764,0.00818705,0.0002163691
3.842367,-0.003284023,0.008187923,0.0002368679
3.846533,-0.003700598,0.00819962,0.0002936211
3.850689,-0.004169581,0.008156902,0.0002842258
3.854856,-0.00457195,0.008171382,0.0002439242
3.859022,-0.004978142,0.008141049,0.0002457524
3.863178,-0.005382513,0.008158935,0.0002276702
3.867344,-0.005758393,0.008136291,0.000210842
3.871511,-0.006134215,0.008142635,0.0002304572
3.875667,-0.006543046,0.008112063,0.0002127067
3.879833,-0.006888226,0.008126281,0.0001999959
3.884,-0.00727531,0.008117471,0.0001884141
3.888156,-0.007598025,0.008121263,0.0001867436
3.892322,-0.007981877,0.008105845,0.0001927723
3.896489,-0.008316907,0.008112354,0.0001769073
3.900644,-0.008669675,0.008103853,0.0001857579
3.904811,-0.009021525,0.008096506,0.0001958155
3.908978,-0.009393643,0.008073831,0.0001902923
3.913133,-0.009734853,0.008091575,0.0001863311
3.9173,-0.01009942,0.008061815,0.0001945553
3.921467,-0.01045629,0.008057203,0.0001962861
3.925622,-0.01082382,0.008049892,0.0001944707
3.929789,-0.01117737,0.00804842,0.0001940948
3.933956,-0.01154522,0.008048788,0.0001987903
3.938111,-0.01190641,0.008038924,0.0001865925
3.942278,-0.01225148,0.008036237,0.0001612829
3.946444,-0.0125639,0.008026971,0.0001656273
3.9506,-0.01291675,0.008018255,0.0001794829
3.954767,-0.0132562,0.008000842,0.0001794971
3.958933,-0.01361032,0.008002777,0.0001760425
3.963089,-0.0139423,0.007996428,0.0001763395
3.967256,-0.01429697,0.007995417,0.0001698772
3.971422,-0.01461718,0.008000411,0.000182692
3.975578,-0.01499582,0.007983146,0.0001619709
3.979744,-0.01527519,0.007987799,0.0001766265
3.983911,-0.01568396,0.007976311,0.0001688141
3.988067,-0.01594686,0.007970987,0.0001158685
3.992233,-0.01624052,0.007967251,0.0001290467
3.9964,-0.01653488,0.007955352,0.0001157106
4.000556,-0.01679658,0.007952238,0.0001430641
4.004722,-0.01715337,0.007949686,0.0001394013
4.008889,-0.01740794,0.007950753,0.0001374058
4.013044,-0.01775936,0.007935046,0.0001415539
4.017211,-0.01802253,0.007922265,0.00008645659
4.021378,-0.01824081,0.007930454,0.0001191958
4.025533,-0.0185871,0.007921126,0.0001381025
4.0297,-0.0188485,0.007927445,0.0001487396
4.033856,-0.01921771,0.007912386,0.0001325872
4.038022,-0.01944387,0.007917929,0.00007613751
4.042189,-0.01966951,0.00791677,0.00009848854
4.046344,-0.01995696,0.007907707,0.00009899337
4.050511,-0.02018322,0.007887977,0.00007930034
4.054678,-0.02041797,0.007898121,0.00009818794
4.058833,-0.0206956,0.007893407,0.00009304182
4.063,-0.02091664,0.007886363,0.0000646764
4.067167,-0.02111198,0.007899962,0.0000900983
4.071322,-0.02140748,0.007883836,0.0001031392
4.075489,-0.02163598,0.007864951,0.0000608747
4.079656,-0.02181127,0.00787065,0.00008265898
4.083811,-0.02210612,0.007861687,0.00008627077
4.087978,-0.02229145,0.007859335,0.00004730596
4.092144,-0.02246226,0.007859699,0.00008338014
4.0963,-0.02276356,0.007850806,0.00009286007
4.100467,-0.02296021,0.007840826,0.00004653549
4.104633,-0.02311679,0.007848711,0.00003703404
4.108789,-0.02327476,0.007850558,0.00006704409
4.112956,-0.02354011,0.007839677,0.00007239413
4.117122,-0.0237147,0.00782696,0.00003645744
4.121278,-0.02385233,0.007836211,0.00002665604
4.125444,-0.02398143,0.007838571,0.00005315194
4.129611,-0.02422984,0.007836823,0.00006206338
4.133767,-0.02438867,0.007827463,0.00003137526
4.137933,-0.02451946,0.007832584,0.00001896317
4.1421,-0.02461384,0.007839516,0.00001508896
4.146256,-0.02472033,0.007834153,0.00003529351
4.150422,-0.02492017,0.007816368,0.00004563657
4.154589,-0.02507004,0.007825984,0.00002532834
4.158744,-0.02518042,0.00781787,0.00001320244
4.162911,-0.0252579,0.007822141,0.00001115204
4.167078,-0.02535333,0.007816317,0.00004164583
4.171233,-0.0255915,0.007813704,0.0000483792
4.1754,-0.02571301,0.007814917,0.00002231152
4.179567,-0.02583607,0.007817016,0.00001110294
4.183722,-0.02588528,0.007810992,0.000005080237
4.187889,-0.02595254,0.007812571,0.000006427993
4.192056,-0.02601655,0.007809558,0.000003645815
4.196211,-0.02605086,0.007821593,0.000001283773
4.200378,-0.02607418,0.007820153,0.0000006971655
4.204544,-0.02609405,0.007823577,0.00001230695
4.2087,-0.026255,0.007805498,0.00003253006
4.212867,-0.02638825,0.007802652,0.00001581389
4.217033,-0.02646053,0.007793043,0.000006333662
4.221189,-0.02651839,0.007801701,0.000003111065
4.225356,-0.02655146,0.007800195,0.000002108428
4.229522,-0.02659332,0.007795557,0.0000007607393
4.233678,-0.02659605,0.007793399,0.0000001075599
4.237844,-0.02660967,0.007800068,0.00000006125684
4.242011,-0.02660772,0.007798694,0.00000001717916
4.246167,-0.02660293,0.007800789,0.00000002844008
4.250333,-0.02659902,0.007798166,0.00000004602032
4.2545,-0.02659197,0.007799002,0.00000008429186
4.258656,-0.0265841,0.007799817,0.00000007617623
4.262822,-0.0265777,0.007799446,0.00000008392698
4.266989,-0.02656928,0.007797437,0.0000001604269
4.271144,-0.02655952,0.007789534,0.0000002805664
4.275311,-0.02654221,0.007793304,0.0000002678139
4.279478,-0.02653402,0.00779777,0.0000003889941
4.283633,-0.026512,0.007804605,0.0000006144784
4.2878,-0.02649362,0.007801148,0.0000007938427
4.291967,-0.02646821,0.007790085,0.0000009067052
4.296122,-0.02644462,0.007796287,0.0000009794377
4.300289,-0.02641705,0.007791469,0.0000007855032
4.304456,-0.02639965,0.007805446,0.000001006609
4.308611,-0.02636967,0.007812616,0.000001274531
4.312778,-0.02634128,0.007805882,0.0000009501175
4.316933,-0.02632007,0.007803683,0.000001242948
4.3211,-0.02628407,0.007813022,0.000001704808
4.325267,-0.02625247,0.007805142,0.000001458947
4.329422,-0.02622202,0.007805827,0.000002911859
4.333589,-0.02616499,0.007816722,0.0000008671369
4.337756,-0.02617509,0.007816886,0.0000008207568
4.341911,-0.02611815,0.007817082,0.000002705525
4.346078,-0.02609033,0.007824033,0.0000003579434
4.350244,-0.02608717,0.007817593,0.000001111889
4.3544,-0.02604053,0.007801822,0.00002062196
4.358567,-0.02585281,0.007802712,0.0000473997
4.362733,-0.02568419,0.007812414,0.000023759
4.366889,-0.02560092,0.007793591,0.0000111988
4.371056,-0.02551128,0.007819266,0.00001145217
4.375222,-0.02542736,0.007817779,0.00001137725
4.379378,-0.02533787,0.007800465,0.00003549934
4.383544,-0.02511932,0.00781145,0.00005838037
4.387711,-0.02494248,0.007814744,0.00003713493
4.391867,-0.02480421,0.00781406,0.00002199444
4.396033,-0.02470012,0.00782347,0.00001921158
4.4002,-0.02457725,0.007813715,0.00004472644
4.404356,-0.02435429,0.007821908,0.00005631644
4.408522,-0.02419004,0.007839566,0.00003995263
4.412689,-0.02402728,0.007835679,0.0000397575
4.416844,-0.02386484,0.007815908,0.0000631759
4.421011,-0.02361631,0.007842026,0.00007473815
4.425178,-0.02341848,0.007849882,0.0000516697
4.429333,-0.02324515,0.007862253,0.00003718735
4.4335,-0.02310367,0.007831611,0.00005776178
4.437667,-0.02285177,0.007850901,0.00007308842
4.441822,-0.0226629,0.007865819,0.00006036691
4.445989,-0.02245016,0.007839281,0.00008855935
4.450156,-0.02217562,0.007862378,0.00009041036
4.454311,-0.0219595,0.007871327,0.00007317708
4.458478,-0.02173326,0.007862158,0.00009972317
4.462644,-0.02144242,0.007872816,0.000100938
4.4668,-0.02121454,0.007891337,0.0000763113
4.470967,-0.02099068,0.007872766,0.0001128152
4.475133,-0.02066458,0.007896861,0.000105333
4.479289,-0.02046075,0.007901925,0.00006710587
4.483456,-0.02024125,0.007881422,0.00009967177
4.487622,-0.01994385,0.007909206,0.0001087675
4.491778,-0.01970295,0.007914377,0.00009630522
4.495944,-0.0194364,0.007903935,0.00009452045
4.500111,-0.01919953,0.007914285,0.0001086722
4.504267,-0.01889852,0.007939853,0.00009712476
4.508433,-0.01869,0.007904319,0.00008931392
4.5126,-0.01840919,0.007935141,0.0001182831
4.516756,-0.01812961,0.007951977,0.00006876163
4.520922,-0.01798038,0.007934587,0.00008632323
4.525089,-0.01764854,0.007957111,0.0001358851
4.529244,-0.01737758,0.00793282,0.0001445883
4.533411,-0.01702683,0.007968217,0.0001829725
4.537578,-0.01667744,0.007952725,0.0001991707
4.541733,-0.01629704,0.007971527,0.0001997859
4.5459,-0.01594673,0.007970687,0.0001940866
4.550067,-0.01557573,0.007981495,0.0001968591
4.554222,-0.01522119,0.007968154,0.0002041346
4.558389,-0.01483699,0.007993751,0.0001998366
4.562556,-0.01448964,0.007993497,0.0002036507
4.566711,-0.01409923,0.008010791,0.0001884645
4.570878,-0.01377977,0.008001519,0.0001913633
4.575044,-0.01338322,0.008031263,0.0002033912
4.5792,-0.01304248,0.008018599,0.0002025756
4.583367,-0.01264729,0.008042129,0.0001904618
4.587522,-0.01232909,0.008038309,0.000213971
4.591689,-0.01189139,0.008070464,0.0002271738
4.595856,-0.01154901,0.008062509,0.0002045272
4.600011,-0.01115203,0.00808679,0.0002050981
4.604178,-0.01080846,0.008069293,0.000204116
4.608344,-0.01041227,0.008093419,0.0002070352
4.612511,-0.01006374,0.008091597,0.0001960504
4.616667,-0.009688336,0.008106744,0.0001980072
4.620833,-0.009336085,0.008095732,0.0002243536
4.625,-0.008912947,0.008124659,0.0002133295
4.629156,-0.008580958,0.008111495,0.0002068454
4.633322,-0.00816959,0.008148058,0.0002062538
4.637478,-0.007838705,0.008136116,0.0002011244
4.641644,-0.007436393,0.008163862,0.0002018981
4.645811,-0.007102971,0.008141983,0.0002128402
4.649967,-0.006682326,0.008187129,0.0002182495
4.654133,-0.006339199,0.008158568,0.0002244304
4.6583,-0.005906757,0.008202868,0.0002028009
4.662456,-0.005602915,0.00817264,0.0001994911
4.666622,-0.005176395,0.00820843,0.0002085238
4.670789,-0.004855206,0.008178587,0.000219613
4.674944,-0.004410323,0.008228528,0.0002220012
4.679111,-0.004085196,0.008205788,0.0002080023
4.683278,-0.003664683,0.008186966,0.0002913077
4.687433,-0.003203032,0.008233614,0.0002742037
4.6916,-0.002809242,0.008225324,0.0002609351
4.695767,-0.002367595,0.008274595,0.0002476663
4.699922,-0.001995743,0.008247788,0.0002376918
4.704089,-0.001570596,0.008294712,0.0002249307
4.708256,-0.001219254,0.008260449,0.0002214788
4.712411,-0.0008012111,0.008312192,0.0002126337
4.716578,-0.0004654262,0.008279146,0.00022217
4.720744,-0.00003066396,0.008268022,0.0003373338
4.7249,0.0004837323,0.008313279,0.000295713
4.729067,0.0008579369,0.008302034,0.0002596463
4.733233,0.001316899,0.008358128,0.0002525712
4.737389,0.001678622,0.008345382,0.0002637632
4.741556,0.002155846,0.008319429,0.0003391581
4.745722,0.002631523,0.008382095,0.0003126151
4.749878,0.003069401,0.008356629,0.0002999096
4.754044,0.003526547,0.008412459,0.0002629124
4.758211,0.003908023,0.008397231,0.0002465895
4.762367,0.004337806,0.008376877,0.0003077799
4.766533,0.004814663,0.008429471,0.0003051594
4.7707,0.00524192,0.008404944,0.0003143961
4.774856,0.005731103,0.008400033,0.0003557132
4.779022,0.00621654,0.008441406,0.0003001327
4.783189,0.006627898,0.00842219,0.0002651997
4.787344,0.007057919,0.008476823,0.0002625013
4.791511,0.007465292,0.008449158,0.0002815772
4.795678,0.007926746,0.008465898,0.0003514903
4.799833,0.008433513,0.008498881,0.0002921355
4.804,0.008810497,0.008479513,0.0002572231
4.808167,0.009263531,0.00852625,0.0002470028
4.812322,0.009623065,0.00849519,0.0002604864
4.816489,0.01009756,0.008495072,0.0003504927
4.820656,0.01059167,0.008534821,0.0003059568
4.824811,0.01100176,0.008518997,0.0002538018
4.828978,0.01141487,0.008566949,0.0002468153
4.833144,0.01181508,0.008535805,0.0002491654
4.8373,0.0122308,0.008590406,0.0002210448
4.841467,0.01258347,0.008561915,0.0002475531
4.845633,0.01304431,0.008546221,0.0003230191
4.849789,0.01351258,0.008585178,0.0002616161
4.853956,0.01387995,0.008582311,0.0002528909
4.858111,0.01433315,0.008639233,0.0002440501
4.862278,0.01468709,0.008616057,0.0002560618
4.866444,0.01516049,0.008593607,0.0003407792
4.870611,0.01564267,0.008639993,0.0002905704
4.874767,0.0160413,0.008627887,0.0002498669
4.878933,0.01645896,0.00868299,0.0002442986
4.8831,0.01685035,0.008649462,0.0002387515
4.887256,0.01725775,0.008702322,0.0002103307
4.891422,0.01759995,0.008673054,0.0002335985
4.895589,0.01804802,0.00865965,0.0003120762
4.899744,0.01851323,0.008693965,0.0002785082
4.903911,0.01891033,0.008693957,0.0002428606
4.908067,0.01931811,0.008734056,0.0002271863
4.912233,0.01968925,0.008722254,0.0002488351
4.9164,0.02013431,0.008765859,0.0002359592
4.920556,0.02048331,0.008743483,0.0002137573
4.924722,0.02088974,0.008796385,0.000191805
4.928889,0.02120032,0.008756848,0.0002017334
4.933044,0.02162404,0.0088123,0.0001971905
4.937211,0.02192634,0.008771138,0.000192002
4.941378,0.02234136,0.008828689,0.0002044175
4.945533,0.02266531,0.008794607,0.0002015543
4.9497,0.02307541,0.008840412,0.000185095
4.953867,0.02336971,0.008783841,0.0001894347
4.958022,0.02378711,0.008847996,0.0001873603
4.962189,0.02407741,0.008797395,0.0001826921
4.966356,0.0244868,0.008864617,0.0001862046
4.970511,0.02478286,0.008813494,0.000188195
4.974678,0.02519612,0.008875701,0.0001871469
4.978844,0.02549091,0.008835067,0.0001821076
4.983,0.02589382,0.008889293,0.0001823357
4.987167,0.02618899,0.008851349,0.0001770808
4.991333,0.02658251,0.008911866,0.0001880127
4.995489,0.02689787,0.00886729,0.000195803
4.999656,0.02730597,0.008925943,0.0001911531
5.003822,0.02761363,0.00888219,0.0001837661
5.007978,0.02800697,0.008928314,0.0001853761
5.012144,0.02831765,0.008890626,0.000176303
5.016311,0.02869421,0.008948763,0.0001682411
5.020467,0.02898832,0.008899874,0.0001731594
5.024633,0.02937469,0.00894755,0.0001785286
5.0288,0.02968007,0.008913083,0.0001885581
5.032956,0.0300846,0.008963055,0.000184632
5.037122,0.03038218,0.008940745,0.0001661297
5.041289,0.03075201,0.008963253,0.0001824924
5.045444,0.03108066,0.008952159,0.000171365
5.049611,0.0314286,0.008985156,0.0001649236
5.053778,0.03174174,0.00902403,0.0001143943
5.057933,0.03198168,0.008985206,0.0001157961
5.0621,0.03229819,0.009019487,0.0001466649
5.066267,0.03260875,0.008979285,0.0001362899
5.070422,0.03290183,0.009011078,0.0001503831
5.074589,0.03324287,0.00898527,0.0001538341
5.078756,0.03354396,0.00902256,0.0001462523
5.082911,0.03386387,0.009059061,0.00009451939
5.087078,0.03404664,0.009030762,0.00010325
5.091244,0.03439002,0.009056481,0.000139523
5.0954,0.03465745,0.00903438,0.0001385272
5.099567,0.03499866,0.009055322,0.0001279742
5.103733,0.03524107,0.009084548,0.00009078819
5.107889,0.0354913,0.009046427,0.000098736
5.112056,0.03575468,0.009068964,0.00009902466
5.116222,0.03600531,0.009082589,0.00007315636
5.120378,0.03619632,0.009044872,0.0000863549
5.124544,0.03648559,0.009066657,0.00009298037
5.128711,0.03669141,0.009109565,0.00006590436
5.132867,0.03690538,0.009064144,0.00008798279
5.137033,0.03717569,0.009082185,0.00008809146
5.1412,0.03738983,0.009102907,0.00006585517
5.145356,0.03759533,0.009085327,0.00008351811
5.149522,0.03786241,0.009106285,0.0000808684
5.153689,0.0380598,0.009118344,0.00005460447
5.157844,0.03824285,0.009142097,0.00003937467
5.162011,0.03838376,0.009099809,0.00005025367
5.166178,0.03860795,0.009104112,0.00006562429
5.170333,0.03880196,0.009124266,0.00004551334
5.1745,0.03895432,0.009145747,0.00002767495
5.178656,0.0390738,0.009114003,0.00004686497
5.182822,0.0393077,0.00912466,0.00006052701
5.186989,0.03947543,0.009145382,0.00003778147
5.191144,0.03962426,0.009153394,0.00002490861
5.195311,0.03973275,0.009125535,0.00004187686
5.199478,0.03995877,0.009133811,0.00005700391
5.203633,0.04012279,0.009142933,0.00003723176
5.2078,0.04027363,0.009154408,0.0000246057
5.211967,0.04037785,0.009173231,0.00001096332
5.216122,0.04044288,0.009128519,0.00002914939
5.220289,0.04065467,0.009136894,0.00005144537
5.224456,0.04081355,0.009151805,0.00002412401
5.228611,0.04090847,0.009146689,0.000009731025
5.232778,0.04097475,0.009157918,0.000008085795
5.236944,0.04105543,0.009155847,0.000007255272
5.2411,0.04111314,0.009173724,0.000002998743
5.245267,0.04114352,0.009171938,0.000001754408
5.249433,0.04115638,0.009120488,0.00001414346
5.253589,0.04133429,0.009134134,0.00003349829
5.257756,0.04145522,0.009137052,0.00001667026
5.261922,0.04154564,0.009139281,0.000008717684
5.266078,0.04160501,0.009166655,0.00000487706
5.270244,0.0416594,0.009149288,0.000003019603
5.274411,0.04169478,0.009172778,0.0000005304901
5.278567,0.04169013,0.009171065,0.0000008290695
5.282733,0.04173996,0.009159521,0.000000293654
5.2869,0.0417139,0.009156151,0.0000005728457
5.291056,0.0417013,0.009153411,0.0000004384345
5.295222,0.04167974,0.009153756,0.0000002023527
5.299389,0.04172433,0.009156907,0.0000000292781
5.303544,0.04168402,0.009146007,0.000001379915
5.307711,0.04166442,0.009146871,0.0000005587169
5.311878,0.04164594,0.009139079,0.0000007172757
5.316033,0.04162078,0.00914316,0.0000007375312
5.3202,0.04160191,0.009144897,0.0000002658092
5.324367,0.04159409,0.009142597,0.0000001941736
5.328522,0.04157983,0.009139276,0.0000002234444
5.332689,0.04157249,0.009131143,0.0000003186047
5.336856,0.04155477,0.009124221,0.0000006921397
5.341011,0.04153209,0.009116351,0.0000004055592
5.345178,0.04152302,0.00911551,0.000000881975
5.349344,0.04148347,0.009116066,0.000002366712
5.3535,0.041444,0.009106247,0.0000005913823
5.357667,0.04144372,0.009117298,0.000001310273
5.361833,0.04138474,0.009105245,0.000001471975
5.365989,0.04138205,0.009105731,0.0000001367678
5.370156,0.04136728,0.009097449,0.0000006228098
5.374322,0.0413466,0.009085407,0.000002218024
5.378478,0.0412903,0.00909513,0.0000003465124
5.382644,0.04131728,0.009093565,0.0000007641901
5.386811,0.04124511,0.009097802,0.0000003375493
5.390967,0.04128732,0.009095889,0.0000009098115
5.395133,0.04119735,0.009085472,0.000001112901
5.3993,0.04123319,0.009088568,0.0000005402647
5.403456,0.04116089,0.009096222,0.00000188835
5.407622,0.04116464,0.009107295,0.0000008538929
5.411789,0.04111945,0.009120143,0.00002266929
5.415944,0.04091843,0.009106188,0.00004522916
5.420111,0.04077306,0.009089183,0.00002226254
5.424278,0.04067541,0.00908103,0.00001851165
5.428433,0.04055066,0.00908295,0.00001328654
5.4326,0.04048698,0.009085855,0.000008513723
5.436767,0.04040082,0.009102338,0.0000409432
5.440922,0.04015623,0.009076163,0.00006355699
5.445089,0.03999026,0.009064871,0.00003236188
5.449256,0.03986204,0.009061264,0.00002275355
5.453411,0.03974369,0.009071616,0.00001722468
5.457578,0.03964865,0.009084137,0.00004435049
5.461733,0.03939946,0.00906136,0.00006518997
5.4659,0.03923212,0.009055296,0.00003636269
5.470067,0.03908743,0.009049731,0.00002879944
5.474222,0.03895525,0.009074158,0.00006282821
5.478389,0.03867756,0.009053297,0.00007687224
5.482556,0.03850262,0.009038953,0.00004628016
5.486711,0.03832653,0.009030083,0.00003905681
5.490878,0.0381795,0.00904502,0.00006474566
5.495044,0.03790992,0.009023823,0.00008429414
5.4992,0.03770523,0.009023296,0.00005679505
5.503367,0.03752068,0.009042951,0.00009148427
5.507533,0.03721011,0.009011039,0.0001133981
5.511689,0.03697282,0.008987358,0.00006696268
5.515856,0.03678698,0.009016502,0.00009155158
5.520022,0.03647738,0.008985088,0.0001118236
5.524178,0.03624246,0.008966242,0.00007436408
5.528344,0.03603165,0.00899887,0.00009757246
5.532511,0.03573102,0.008959842,0.0001179107
5.536667,0.03547195,0.008953718,0.00007812833
5.540833,0.03527418,0.008974712,0.0001032379
5.545,0.03494583,0.008952467,0.0001178547
5.549156,0.0347136,0.008944546,0.00008872003
5.553322,0.03445875,0.008953886,0.0001084692
5.557489,0.03417448,0.00893103,0.0001084862
5.561644,0.03392078,0.008927609,0.00007585782
5.565811,0.03372425,0.008919004,0.0001020848
5.569978,0.03339785,0.008911372,0.0001257493
5.574133,0.03314451,0.008931839,0.0001487694
5.5783,0.03276738,0.008893235,0.0001444459
5.582467,0.03252266,0.00890723,0.0000982661
5.586622,0.032255,0.00890867,0.0001265061
5.590789,0.03194104,0.008903804,0.0001336273
5.594956,0.03165645,0.008903151,0.0001578718
5.599111,0.03129259,0.008862896,0.0001671381
5.603278,0.03098793,0.008897813,0.0001714558
5.607444,0.03061464,0.00885318,0.000189251
5.6116,0.03027658,0.008890669,0.000186521
5.615767,0.02990841,0.008848404,0.0001968501
5.619933,0.02955133,0.008847928,0.0002086904
5.624089,0.02916166,0.008827727,0.0001920938
5.628256,0.02883468,0.008856878,0.0001979251
5.632422,0.02843352,0.008805423,0.0001958284
5.636578,0.02811108,0.008848323,0.0001975109
5.640744,0.02770722,0.008779767,0.0002090337
5.644911,0.0273626,0.008832276,0.0002179141
5.649067,0.02694394,0.008768587,0.000214996
5.653233,0.02660475,0.008808211,0.0002016407
5.6574,0.02620877,0.008755665,0.0001981665
5.661556,0.02587686,0.008798653,0.0001997278
5.665722,0.02547826,0.008734302,0.0002051057
5.669889,0.02513569,0.008773857,0.0002102607
5.674044,0.02472877,0.008711478,0.00021643
5.678211,0.02437538,0.008747843,0.0002012244
5.682378,0.02399445,0.008693732,0.0002060933
5.686533,0.02363309,0.008736678,0.0002026978
5.6907,0.02325831,0.008682698,0.0002036
5.694867,0.02289479,0.008708107,0.0002138482
5.699022,0.02250234,0.008663642,0.0002223174
5.703189,0.02212386,0.008694923,0.0002071558
5.707356,0.02175721,0.008648597,0.0002068628
5.711511,0.02138057,0.008668636,0.0002020632
5.715678,0.02102221,0.008637844,0.0002044031
5.719844,0.02064042,0.008653562,0.0002138713
5.724,0.02026597,0.008634502,0.000199218
5.728167,0.01991054,0.008650128,0.0002179304
5.732322,0.01950274,0.008618721,0.0002139888
5.736489,0.01915422,0.008635498,0.0001978879
5.740656,0.01877479,0.008592799,0.0002028981
5.744811,0.01841819,0.008606687,0.0002035533
5.748978,0.01803701,0.008589096,0.000215058
5.753144,0.01765901,0.008590384,0.0002266333
5.757311,0.01725762,0.008603538,0.0002847344
5.761467,0.01678718,0.008553974,0.0002759334
5.765633,0.01639917,0.008572899,0.0002621369
5.7698,0.01594886,0.008545273,0.0002486901
5.773956,0.01558388,0.008555045,0.0002346475
5.778122,0.01515678,0.008536469,0.0002400756
5.782278,0.01478315,0.008526235,0.0002282563
5.786444,0.01437571,0.008553955,0.0002785907
5.790611,0.01391892,0.008517746,0.0003081284
5.794767,0.0134687,0.008517888,0.000268445
5.798933,0.01307242,0.008481939,0.0002459936
5.8031,0.01265711,0.008487999,0.0002599691
5.807256,0.01223872,0.008470405,0.000220804
5.811422,0.01188887,0.008471729,0.0002156788
5.815589,0.01147849,0.008488957,0.0003128747
5.819744,0.01097439,0.008452188,0.0003011412
5.823911,0.01058195,0.008450186,0.0002639619
5.828078,0.01013352,0.008425812,0.0002583806
5.832233,0.009750809,0.008438451,0.0002561417
5.8364,0.009306208,0.008448269,0.0002999441
5.840567,0.008855069,0.008395136,0.0003069858
5.844722,0.008400596,0.008420337,0.0002923443
5.848889,0.00797109,0.008376654,0.0002517039
5.853056,0.007579583,0.00839173,0.0002433355
5.857211,0.007165262,0.008413344,0.000310134
5.861378,0.006669365,0.008362818,0.0002828285
5.865544,0.00629508,0.008379902,0.0002667574
5.8697,0.005824903,0.008347958,0.0002858286
5.873867,0.005421903,0.00833634,0.0002508493
5.878033,0.005005272,0.00837617,0.0003063606
5.882189,0.00451692,0.008320628,0.0003174109
5.886356,0.004084944,0.008333906,0.0002733171
5.890522,0.003660999,0.008305427,0.000282697
5.894678,0.003215704,0.008314309,0.000292073
5.898844,0.002777426,0.008323675,0.0003132999
5.903011,0.002299469,0.008290859,0.0002894008
5.907167,0.001897906,0.008305377,0.0002613383
5.911333,0.001463839,0.00826698,0.0002324627
5.9155,0.001109374,0.008266556,0.0002531795
5.919656,0.0006415282,0.008295849,0.000334268
5.923822,0.0001642824,0.008240644,0.0002907021
5.927989,-0.0002407424,0.008263532,0.0002678542
5.932144,-0.0006819731,0.00822958,0.0002525339
5.936311,-0.001062416,0.00825107,0.0002210768
5.940478,-0.0014517,0.008212776,0.000221996
5.944633,-0.001832725,0.008234782,0.0002478721
5.9488,-0.002265115,0.008247331,0.0003037289
5.952967,-0.002734505,0.008200624,0.0002753024
5.957122,-0.003121604,0.008196207,0.0002301068
5.961289,-0.003518553,0.00817615,0.0002218622
5.965456,-0.003892826,0.008186992,0.0002395622
5.969611,-0.004318635,0.008154152,0.0002324458
5.973778,-0.004680904,0.008164224,0.0002202317
5.977944,-0.005087031,0.008146104,0.0002069623
5.9821,-0.005424816,0.008158285,0.0001932162
5.986267,-0.00580571,0.008132666,0.0001923741
5.990433,-0.006142039,0.008120942,0.0001996428
5.994589,-0.006536126,0.008113719,0.0002163833
5.998756,-0.006902659,0.008111493,0.000205189
6.002911,-0.007276735,0.008099722,0.0001795657
6.007078,-0.007595606,0.00810988,0.0001785677
6.011244,-0.007968671,0.008102753,0.0001796226
6.015411,-0.008289435,0.008095212,0.0001837607
6.019567,-0.008669599,0.008092922,0.0001931373
6.023733,-0.009008086,0.008091948,0.0001925742
6.0279,-0.00938816,0.008089683,0.0001861017
6.032056,-0.00971324,0.008071602,0.0001775361
6.036222,-0.01007678,0.008066193,0.0001854636
6.040389,-0.01041837,0.008063313,0.0001923828
6.044544,-0.01079403,0.008063598,0.0002000313
6.048711,-0.01114969,0.00805473,0.0001997479
6.052867,-0.01152459,0.008043021,0.0001966356
6.057033,-0.01187475,0.008044242,0.0001892206
6.0612,-0.01223682,0.008033782,0.0001754939
6.065356,-0.01255957,0.008026444,0.0001700139
6.069522,-0.01291099,0.008022377,0.0001742554
6.073689,-0.01324284,0.00800737,0.0001794345
6.077844,-0.01360346,0.008004663,0.0001750628
6.082011,-0.01392703,0.008002678,0.0001886104
6.086178,-0.0143145,0.007993465,0.0001742784
6.090333,-0.01460953,0.007987576,0.0001682235
6.0945,-0.01498519,0.007988497,0.0001734781
6.098667,-0.01529153,0.007991326,0.0001794998
6.102822,-0.01567798,0.007982271,0.0001533085
6.106989,-0.01593163,0.007975892,0.0001072837
6.111156,-0.01621394,0.007962027,0.0001341448
6.115311,-0.0165299,0.007947753,0.0001309995
6.119478,-0.01680567,0.007949655,0.0001307303
6.123644,-0.01712154,0.007925715,0.0001174719
6.1278,-0.01736586,0.007931645,0.00008359797
6.131967,-0.01759435,0.007926412,0.0001095203
6.136133,-0.01790736,0.007910993,0.0001206909
6.140289,-0.01816241,0.007920006,0.0001432662
6.144456,-0.01852629,0.007916956,0.0001320402
6.148622,-0.01875723,0.007905048,0.00009433231
6.152778,-0.01902833,0.007902494,0.0001162818
6.156944,-0.01931484,0.007899919,0.0001014122
6.161111,-0.01954976,0.007907573,0.00006765655
6.165267,-0.01974016,0.007895275,0.00008489541
6.169433,-0.02002578,0.007887062,0.00009303602
6.1736,-0.0202396,0.007898442,0.00007208067
6.177756,-0.02046474,0.007878783,0.00009273153
6.181922,-0.02073755,0.00789385,0.00008525182
6.186089,-0.02094268,0.007891365,0.00006811069
6.190244,-0.02116378,0.007872387,0.00009046227
6.194411,-0.0214337,0.007862951,0.00008715675
6.198578,-0.0216472,0.007871567,0.00005739639
6.202733,-0.02182539,0.007870626,0.00007959436
6.2069,-0.02210847,0.007863082,0.00008493182
6.211067,-0.02230257,0.007866014,0.00004761381
6.215222,-0.02246528,0.007859621,0.00008310855
6.219389,-0.02277397,0.00786131,0.00008936393
6.223556,-0.02295469,0.007850287,0.00004786184
6.227711,-0.02313172,0.00786291,0.00003791893
6.231878,-0.02327309,0.007846199,0.00006560031
6.236044,-0.02355073,0.007844986,0.00007074062
6.2402,-0.02370801,0.007842899,0.00003501854
6.244367,-0.02385674,0.007843048,0.00002647825
6.248533,-0.0239744,0.0078372,0.00005174002
6.252689,-0.02422848,0.007830003,0.0000636059
6.256856,-0.02438681,0.0078339,0.00003195973
6.261022,-0.02452114,0.007836534,0.0000163932
6.265178,-0.02459617,0.007831815,0.00001084601
6.269344,-0.02469066,0.007820216,0.00003318904
6.273511,-0.02489401,0.007815086,0.00005306036
6.277667,-0.0250673,0.007825681,0.00002415243
6.281833,-0.02514815,0.007814852,0.00001449516
6.286,-0.02526434,0.007819225,0.00001239098
6.290156,-0.02533011,0.00781975,0.000006284916
6.294322,-0.02539382,0.007812854,0.00002617637
6.298489,-0.02559496,0.007813528,0.00004019201
6.302644,-0.02572165,0.00781024,0.00001759269
6.306811,-0.02581186,0.007813284,0.00001269772
6.310978,-0.02590616,0.007808991,0.000006222387
6.315133,-0.02594048,0.007823091,0.000003763458
6.3193,-0.02600586,0.007820053,0.000001820183
6.323456,-0.02601015,0.007819419,0.0000006693937
6.327622,-0.02604815,0.007821487,0.0000008609993
6.331789,-0.02605815,0.00781726,0.0000002112054
6.335944,-0.02606982,0.007811733,0.00000008739798
6.340111,-0.0260617,0.00783213,0.0000001328639
6.344278,-0.02605354,0.007821279,0.0000003181906
6.348433,-0.02603276,0.007828498,0.0000005181718
6.3526,-0.02601805,0.007832524,0.0000003446972
6.356767,-0.02600237,0.007829312,0.0000004822393
6.360922,-0.02598231,0.0078291,0.0000001709478
6.365089,-0.02598099,0.007829881,0.00000001126589
6.369256,-0.02597683,0.007829609,0.0000005600386
6.373411,-0.02594252,0.007825718,0.0000005613711
6.377578,-0.02593809,0.007829561,0.0000001791549
6.381744,-0.02592061,0.007826409,0.000000408233
6.3859,-0.02590571,0.007822975,0.0000005583527
6.390067,-0.02588197,0.007826647,0.0000002018521
6.394233,-0.02588303,0.007828163,0.0000001380909
6.398389,-0.02586276,0.007826435,0.0000007911734
6.402556,-0.02583745,0.007821995,0.0000008117092
6.406722,-0.02581924,0.00780963,0.0000005633011
6.410878,-0.02579864,0.007821628,0.0000008348516
6.415044,-0.02577211,0.007813048,0.000001144053
6.419211,-0.02574577,0.007805122,0.0000007753885
6.423367,-0.02572667,0.007810133,0.0000008867062
6.427533,-0.02569709,0.007804115,0.000001404242
6.4317,-0.0256655,0.007814912,0.000001789106
6.435856,-0.02562807,0.007808588,0.0000008996641
6.440022,-0.02561691,0.007808152,0.0000006576894
6.444189,-0.02558675,0.007816108,0.0000009001227
6.448344,-0.02556786,0.00780765,0.0000006104335
6.452511,-0.02554686,0.007809697,0.0000005730953
6.456678,-0.02552888,0.007811861,0.0000006704921
6.460833,-0.02550516,0.007817071,0.000001383981
6.465,-0.02546815,0.007808364,0.000002167992
6.469167,-0.02542892,0.007816774,0.000002861361
6.473322,-0.02538276,0.007827354,0.000002937006
6.477489,-0.02534064,0.007824538,0.00002129931
6.481656,-0.02514454,0.007808443,0.0000368002
6.485811,-0.02502703,0.007817258,0.00002041333
6.489978,-0.02491156,0.007826061,0.00001150908
6.494144,-0.02485136,0.007816978,0.00001281561
6.4983,-0.02472645,0.007828249,0.00001622181
6.502467,-0.02464544,0.007848204,0.00000689337
6.506633,-0.02459051,0.007829355,0.00002728194
6.510789,-0.02437566,0.007834886,0.00005638529
6.514956,-0.02420221,0.007826483,0.00003374294
6.519122,-0.02407493,0.00784034,0.00002672475
6.523278,-0.02393562,0.007846367,0.00001854849
6.527444,-0.02385233,0.007833254,0.00003900343
6.531611,-0.02361295,0.007824979,0.00007253862
6.535767,-0.02341223,0.007850219,0.00004343349
6.539933,-0.02327396,0.007860115,0.00002899296
6.5441,-0.02313344,0.00784625,0.00005678116
6.548256,-0.02288446,0.007848793,0.00007210196
6.552422,-0.0226946,0.007861455,0.00005980948
6.556589,-0.02248426,0.007862973,0.00003902906
6.560744,-0.02237191,0.007846103,0.00005104959
6.564911,-0.02211478,0.007861441,0.00007476585
6.569078,-0.02192456,0.007864687,0.00005832783
6.573233,-0.02171986,0.007858154,0.00009668379
6.5774,-0.02141627,0.007878132,0.00009504406
6.581567,-0.02121519,0.007870267,0.00005560113
6.585722,-0.02103108,0.007895773,0.00005093655
6.589889,-0.02084614,0.007873364,0.00007324513
6.594044,-0.02058852,0.007892377,0.00009311306
6.598211,-0.02034804,0.007903198,0.00006263406
6.602378,-0.02017877,0.007886061,0.00006772803
6.606533,-0.01992249,0.007898366,0.0001154456
6.6107,-0.01962464,0.007926787,0.00007697909
6.614867,-0.01946819,0.007895986,0.00007905402
6.619022,-0.01916518,0.007909603,0.0001429702
6.623189,-0.01885123,0.007937016,0.00007924648
6.627356,-0.01870431,0.007918467,0.00006887084
6.631511,-0.01842212,0.00793158,0.0001157766
6.635678,-0.01814942,0.007959602,0.00007850705
6.639844,-0.01796339,0.007939899,0.00009878152
6.644,-0.01763549,0.00796543,0.0001327237
6.648167,-0.0173677,0.00794819,0.0001437051
6.652333,-0.01701485,0.00797594,0.0001729968
6.656489,-0.01668883,0.007989976,0.0001036416
6.660656,-0.0164884,0.007975506,0.0001399812
6.664822,-0.01607623,0.007996495,0.0001651274
6.668978,-0.01582403,0.007989059,0.0001409249
6.673144,-0.01546235,0.007995375,0.0001755895
6.677311,-0.01513793,0.007981026,0.000188555
6.681467,-0.01475231,0.008003459,0.000186091
6.685633,-0.01443264,0.007994858,0.0001800954
6.6898,-0.01405748,0.008012634,0.0001930442
6.693956,-0.01371459,0.00801973,0.0002030541
6.698122,-0.01332131,0.008045027,0.0001951712
6.702289,-0.01299139,0.00803683,0.0001927395
6.706444,-0.01260363,0.008063686,0.0002015589
6.710611,-0.01225734,0.008049535,0.0002176159
6.714778,-0.01183987,0.008076032,0.0002150972
6.718933,-0.01149901,0.008060908,0.0002074526
6.7231,-0.01109517,0.008088721,0.0002044046
6.727267,-0.01075871,0.008064075,0.0002098358
6.731422,-0.01034617,0.008099786,0.0001898416
6.735589,-0.01004671,0.0080909,0.0001896387
6.739756,-0.009633294,0.008116606,0.0002161489
6.743911,-0.009286447,0.008091778,0.0002125244
6.748078,-0.008879533,0.00812915,0.0002002443
6.752244,-0.008553862,0.008106784,0.0002105722
6.7564,-0.00812967,0.008157388,0.0002094776
6.760567,-0.007805912,0.008133928,0.0001989882
6.764733,-0.007399236,0.008159473,0.0002144638
6.768889,-0.007048894,0.008154497,0.0002206289
6.773056,-0.006631235,0.008172088,0.0002017193
6.777222,-0.006313476,0.008158957,0.0002059893
6.781378,-0.00588961,0.008200916,0.0002020064
6.785544,-0.005578819,0.008180551,0.0002134892
6.789711,-0.005133427,0.008225512,0.0002035284
6.793867,-0.004841313,0.008199042,0.0002102462
6.798033,-0.004385292,0.008175357,0.0003031137
6.8022,-0.003940594,0.008236849,0.0002844331
6.806356,-0.003513931,0.008211875,0.0002453855
6.810522,-0.003130571,0.008243883,0.0002294538
6.814689,-0.002729773,0.00822977,0.0002758725
6.818844,-0.002272696,0.008285883,0.0002425443
6.823011,-0.001924931,0.008258394,0.0002284057
6.827178,-0.001491319,0.008242726,0.0003107388
6.831333,-0.001013849,0.00828804,0.0002781702
6.8355,-0.0006292779,0.008269978,0.0002629133
6.839667,-0.000174634,0.008313623,0.0002682046
6.843822,0.0002171889,0.008296469,0.0002707065
6.847989,0.0006754092,0.008277224,0.0003245628
6.852156,0.001149529,0.00832771,0.0003127364
6.856311,0.001589258,0.008311433,0.0002919089
6.860478,0.002030673,0.008392374,0.0002641689
6.864633,0.002428501,0.008357134,0.0002721138
6.8688,0.002882357,0.00834446,0.0003396185
6.872967,0.003382371,0.008384242,0.0003048608
6.877122,0.003785004,0.008365903,0.0002938722
6.881289,0.00426819,0.008418435,0.0002408639
6.885456,0.004588281,0.008389615,0.0002344879
6.889611,0.00505954,0.008389951,0.0003679312
6.893778,0.005578901,0.008440216,0.0003052848
6.897944,0.005964181,0.008402997,0.0002641088
6.902111,0.006419931,0.008468673,0.0002470562
6.906267,0.006776098,0.008441028,0.0002318398
6.910433,0.007206771,0.008439551,0.0003244179
6.9146,0.007707594,0.00848752,0.0003131744
6.918756,0.00812168,0.008459631,0.0002984018
6.922922,0.008600523,0.008512756,0.0002397676
6.927078,0.008922202,0.008477781,0.000230561
6.931244,0.009384849,0.008475653,0.0003161069
6.935411,0.009841377,0.008529547,0.0003153188
6.939567,0.01030255,0.008507534,0.0002997457
6.943733,0.01073597,0.008564944,0.0002359692
6.9479,0.01109771,0.008528053,0.0002391007
6.952056,0.01153442,0.008521733,0.0003084721
6.956222,0.01200478,0.008574059,0.0003019179
6.960389,0.0124334,0.008558307,0.0003093506
6.964544,0.0129138,0.008604167,0.0002500802
6.968711,0.01325108,0.008570273,0.0002456214
6.972878,0.0137242,0.008561456,0.0003207341
6.977033,0.01417624,0.008612209,0.0002764406
6.9812,0.01458331,0.008595564,0.0002595439
6.985367,0.01500977,0.008645775,0.0002577632
6.989522,0.01541349,0.008605051,0.0002703316
6.993689,0.01585961,0.008619882,0.0003143223
6.997856,0.01633076,0.008642509,0.0002825715
7.002011,0.01672856,0.008643382,0.0002585212
7.006178,0.01716063,0.008693703,0.0002446168
7.010344,0.01753831,0.008656981,0.0002466044
7.0145,0.01797255,0.008708818,0.0002276674
7.018667,0.01831828,0.008678246,0.0002242258
7.022833,0.01874733,0.00867843,0.0002992434
7.026989,0.01921196,0.008717548,0.0002715758
7.031156,0.01959926,0.008699483,0.0002476687
7.035322,0.02002667,0.008735322,0.000257
7.039478,0.02042812,0.008714948,0.0002420582
7.043644,0.0208301,0.008777662,0.0002046876
7.047811,0.02116826,0.008746612,0.000200771
7.051967,0.02156278,0.008785752,0.0001913016
7.056133,0.02188349,0.008750544,0.0002034196
7.0603,0.02230042,0.00882176,0.0002104576
7.064456,0.02263254,0.008791908,0.0002034782
7.068622,0.02303764,0.008846811,0.0001976462
7.072789,0.02336049,0.008797395,0.000183982
7.076944,0.02373905,0.008850551,0.0001856996
7.081111,0.02406512,0.008805697,0.0001875275
7.085278,0.02444814,0.008853393,0.0001888553
7.089433,0.02477566,0.008818116,0.000198144
7.0936,0.02517587,0.008869711,0.0001932137
7.097767,0.02549537,0.008826955,0.0001821314
7.101922,0.02587372,0.008875964,0.0001753352
7.106089,0.02618003,0.008837299,0.0001671489
7.110256,0.02654296,0.008893076,0.0001924228
7.114411,0.02689687,0.008863771,0.0002037614
7.118578,0.02728086,0.008912519,0.000191703
7.122744,0.02761372,0.008874989,0.0001777299
7.1269,0.02797022,0.008920175,0.0001779197
7.131067,0.02830333,0.008889347,0.0001726573
7.135233,0.02865054,0.00892968,0.0001739329
7.139389,0.02898524,0.008900327,0.0001722906
7.143556,0.02932907,0.008947916,0.0001701755
7.147711,0.02965975,0.008910644,0.0002000539
7.151878,0.03006048,0.008946456,0.0002048784
7.156044,0.03040066,0.008930045,0.0001726551
7.160211,0.03074074,0.00895958,0.0001681497
7.164367,0.03107062,0.008958384,0.0001740794
7.168533,0.0314229,0.008972605,0.0001598554
7.1727,0.03172338,0.009008609,0.0001079898
7.176856,0.03196025,0.008978149,0.0001242097
7.181022,0.03229966,0.009001201,0.0001357007
7.185189,0.03256344,0.008975346,0.0001341304
7.189344,0.03289855,0.009002924,0.0001492221
7.193511,0.03319147,0.009043254,0.00008903467
7.197667,0.03338647,0.008997726,0.00009848754
7.201833,0.03370464,0.009038303,0.0001211114
7.206,0.03395582,0.009021524,0.0001278002
7.210156,0.03428922,0.009042381,0.0001419198
7.214322,0.03456973,0.009072746,0.00009075024
7.218489,0.03478234,0.009029724,0.00009692894
7.222644,0.03507856,0.009055835,0.0001121676
7.226811,0.03532826,0.009073488,0.00007855077
7.230978,0.03553738,0.009045809,0.00008354642
7.235133,0.03580086,0.009065741,0.00009206317
7.2393,0.03603087,0.009097331,0.00006181593
7.243467,0.03620766,0.009049478,0.00008146924
7.247622,0.03649681,0.009069772,0.00009177046
7.251789,0.0367009,0.009095478,0.00005923956
7.255956,0.03689506,0.009054595,0.00008258094
7.260111,0.03717053,0.009078939,0.00009407452
7.264278,0.03739397,0.009106137,0.00006297088
7.268444,0.03758121,0.009065465,0.00007888109
7.2726,0.0378523,0.009076544,0.00007953092
7.276767,0.03804015,0.009110725,0.00004984761
7.280933,0.03821479,0.009123968,0.00003527069
7.285089,0.03834677,0.00909333,0.00005321813
7.289256,0.03859136,0.009101495,0.00006373319
7.293422,0.03875902,0.009123977,0.00004260417
7.297578,0.03892738,0.009133458,0.00003123727
7.301744,0.03904719,0.009101906,0.00005064012
7.305911,0.03929461,0.009103055,0.00006233281
7.310067,0.03945465,0.009127653,0.00003793459
7.314233,0.03961094,0.009140093,0.00002384971
7.3184,0.03970689,0.009109758,0.00004286963
7.322556,0.03994828,0.009111125,0.00005920495
7.326722,0.04010455,0.009123589,0.00003312449
7.330889,0.04024444,0.00914439,0.00001793517
7.335044,0.04032243,0.009145711,0.00001262551
7.339211,0.04042676,0.009121515,0.00003688947
7.343378,0.04063628,0.009125571,0.00004538684
7.347533,0.0407746,0.009140913,0.00002322444
7.3517,0.0408853,0.009135244,0.00001152623
7.355867,0.04095027,0.009147396,0.000005204098
7.360022,0.04100227,0.009150562,0.00000524332
7.364189,0.04106839,0.009155727,0.00000266777
7.368356,0.04108665,0.009156291,0.000001758379
7.372511,0.04113591,0.00916772,0.000000734306
7.376678,0.04112988,0.00916605,0.000001256219
7.380844,0.04115948,0.009114686,0.0000149811
7.385,0.04132512,0.009121984,0.00002585369
7.389167,0.04142235,0.009120528,0.00001118321
7.393333,0.04149714,0.009141798,0.00000709694
7.397489,0.0415598,0.009129759,0.000004393038
7.401656,0.04160552,0.009140717,0.000001182493
7.405822,0.04161499,0.00914094,0.000000202285
7.409978,0.04162878,0.009140833,0.0000003510282
7.414144,0.04164491,0.009147532,0.000000295469
7.418311,0.04165603,0.009133774,0.0000006861515
7.422467,0.04168773,0.009146329,0.0000001201241
7.426633,0.04164113,0.009143746,0.000001017137
7.4308,0.04163669,0.00913525,0.0000002534486
7.434956,0.0416166,0.009135051,0.0000005502864
7.439122,0.04159847,0.009132019,0.0000004490654
7.443289,0.04158256,0.009128274,0.0000002866246
7.447444,0.04157115,0.009127537,0.0000001177778
7.451611,0.04156494,0.009126175,0.000000103468
7.455778,0.04155467,0.009125087,0.0000002714637
7.459933,0.04153803,0.009124945,0.0000004927616
7.4641,0.04151878,0.009119678,0.0000007658945
7.468256,0.04149509,0.009110647,0.000001530448
7.472422,0.04145511,0.009113492,0.000002150498
7.476589,0.04141979,0.00910083,0.0000006806314
7.480744,0.04141373,0.009103106,0.0000005783747
7.484911,0.04138051,0.009102708,0.0000008405278
7.489078,0.04136677,0.00909609,0.000000404802
7.493233,0.04134806,0.009097286,0.0000009101617
7.4974,0.04131744,0.009096074,0.0000008585509
7.501567,0.04130019,0.009100512,0.000001154034
7.505722,0.04126196,0.009093181,0.000001413084
7.509889,0.04123882,0.009104144,0.00000008329266
7.514056,0.04124703,0.009092611,0.000001199875
7.518211,0.04118277,0.009096022,0.000002510236
7.522378,0.04116608,0.00910527,0.000001292023
7.526544,0.04112899,0.009119958,0.00001549087
7.5307,0.04096279,0.009095477,0.00004309805
7.534867,0.04079199,0.009079046,0.00002689673
7.539033,0.04069514,0.009073568,0.00001554967
7.543189,0.04058825,0.009070428,0.00001348799
7.547356,0.04050523,0.00907167,0.000009946197
7.551522,0.04042582,0.009087294,0.000009535095
7.555678,0.04034599,0.009083527,0.00003381647
7.559844,0.04012528,0.009077215,0.00004543855
7.564011,0.03999733,0.009067182,0.00002620153
7.568167,0.03986151,0.009055017,0.00002467186
7.572333,0.0397405,0.009063451,0.00002146433
7.5765,0.039622,0.009068716,0.00004539897
7.580656,0.03939208,0.009060888,0.00006656781
7.584822,0.03920062,0.009047669,0.00003590767
7.588989,0.03908192,0.009052198,0.00002611964
7.593144,0.03893643,0.009054741,0.00006121332
7.597311,0.03867752,0.009040002,0.00007941295
7.601478,0.03847598,0.009024408,0.00004521396
7.605633,0.03832994,0.009030037,0.00003505848
7.6098,0.03816987,0.009031254,0.00006459576
7.613967,0.03791411,0.009013145,0.0000795125
7.618122,0.0377098,0.009000378,0.00005440597
7.622289,0.03753279,0.009021855,0.00009569645
7.626456,0.03720329,0.008994419,0.0001063535
7.630611,0.03700077,0.00898497,0.00006805541
7.634778,0.03677671,0.008998365,0.0001064651
7.638944,0.03646651,0.008979832,0.0001083768
7.6431,0.03623911,0.008970121,0.0000671224
7.647267,0.03604296,0.008989811,0.0001040382
7.651433,0.03571102,0.008961354,0.000116397
7.655589,0.03548554,0.008966505,0.00007347878
7.659756,0.03526777,0.008965382,0.0001223657
7.663922,0.03491278,0.008961062,0.000129495
7.668078,0.03467975,0.008942656,0.00007403609
7.672244,0.03446789,0.00895344,0.00009851
7.676411,0.03416611,0.008925083,0.0001111198
7.680567,0.03392441,0.008911359,0.00007888747
7.684733,0.03370682,0.00892695,0.0001005604
7.6889,0.03340529,0.008899121,0.0001165329
7.693056,0.03314859,0.008926459,0.000147454
7.697222,0.03277742,0.008890265,0.0001709497
7.701389,0.03247162,0.008917555,